"block","agegrp","sex","oud","counts"
"No_Treatment","10_11","Male","Active_Noninjection",888.8
"No_Treatment","10_11","Male","Active_Injection",297.6
"No_Treatment","10_11","Male","Nonactive_Noninjection",88
"No_Treatment","10_11","Male","Nonactive_Injection",29.6
"No_Treatment","10_11","Female","Active_Noninjection",552.8
"No_Treatment","10_11","Female","Active_Injection",185.2
"No_Treatment","10_11","Female","Nonactive_Noninjection",54.8
"No_Treatment","10_11","Female","Nonactive_Injection",18.4
"No_Treatment","12_13","Male","Active_Noninjection",888.8
"No_Treatment","12_13","Male","Active_Injection",297.6
"No_Treatment","12_13","Male","Nonactive_Noninjection",88
"No_Treatment","12_13","Male","Nonactive_Injection",29.6
"No_Treatment","12_13","Female","Active_Noninjection",552.8
"No_Treatment","12_13","Female","Active_Injection",185.2
"No_Treatment","12_13","Female","Nonactive_Noninjection",54.8
"No_Treatment","12_13","Female","Nonactive_Injection",18.4
"No_Treatment","14_15","Male","Active_Noninjection",898.8
"No_Treatment","14_15","Male","Active_Injection",301
"No_Treatment","14_15","Male","Nonactive_Noninjection",89
"No_Treatment","14_15","Male","Nonactive_Injection",29.8
"No_Treatment","14_15","Female","Active_Noninjection",554.8
"No_Treatment","14_15","Female","Active_Injection",185.8
"No_Treatment","14_15","Female","Nonactive_Noninjection",55
"No_Treatment","14_15","Female","Nonactive_Injection",18.4
"No_Treatment","16_17","Male","Active_Noninjection",908.8
"No_Treatment","16_17","Male","Active_Injection",304.4
"No_Treatment","16_17","Male","Nonactive_Noninjection",90
"No_Treatment","16_17","Male","Nonactive_Injection",30
"No_Treatment","16_17","Female","Active_Noninjection",556.8
"No_Treatment","16_17","Female","Active_Injection",186.4
"No_Treatment","16_17","Female","Nonactive_Noninjection",55.2
"No_Treatment","16_17","Female","Nonactive_Injection",18.4
"No_Treatment","18_19","Male","Active_Noninjection",908.8
"No_Treatment","18_19","Male","Active_Injection",304.4
"No_Treatment","18_19","Male","Nonactive_Noninjection",90
"No_Treatment","18_19","Male","Nonactive_Injection",30
"No_Treatment","18_19","Female","Active_Noninjection",556.8
"No_Treatment","18_19","Female","Active_Injection",186.4
"No_Treatment","18_19","Female","Nonactive_Noninjection",55.2
"No_Treatment","18_19","Female","Nonactive_Injection",18.4
"No_Treatment","20_21","Male","Active_Noninjection",416
"No_Treatment","20_21","Male","Active_Injection",139.6
"No_Treatment","20_21","Male","Nonactive_Noninjection",41.2
"No_Treatment","20_21","Male","Nonactive_Injection",13.6
"No_Treatment","20_21","Female","Active_Noninjection",164.8
"No_Treatment","20_21","Female","Active_Injection",55.2
"No_Treatment","20_21","Female","Nonactive_Noninjection",16.4
"No_Treatment","20_21","Female","Nonactive_Injection",5.6
"No_Treatment","22_23","Male","Active_Noninjection",416
"No_Treatment","22_23","Male","Active_Injection",139.6
"No_Treatment","22_23","Male","Nonactive_Noninjection",41.2
"No_Treatment","22_23","Male","Nonactive_Injection",13.6
"No_Treatment","22_23","Female","Active_Noninjection",164.8
"No_Treatment","22_23","Female","Active_Injection",55.2
"No_Treatment","22_23","Female","Nonactive_Noninjection",16.4
"No_Treatment","22_23","Female","Nonactive_Injection",5.6
"No_Treatment","24_25","Male","Active_Noninjection",1627.2
"No_Treatment","24_25","Male","Active_Injection",545.2
"No_Treatment","24_25","Male","Nonactive_Noninjection",161
"No_Treatment","24_25","Male","Nonactive_Injection",53.8
"No_Treatment","24_25","Female","Active_Noninjection",892.2
"No_Treatment","24_25","Female","Active_Injection",298.8
"No_Treatment","24_25","Female","Nonactive_Noninjection",88.2
"No_Treatment","24_25","Female","Nonactive_Injection",29.6
"No_Treatment","26_27","Male","Active_Noninjection",2838.4
"No_Treatment","26_27","Male","Active_Injection",950.8
"No_Treatment","26_27","Male","Nonactive_Noninjection",280.8
"No_Treatment","26_27","Male","Nonactive_Injection",94
"No_Treatment","26_27","Female","Active_Noninjection",1619.6
"No_Treatment","26_27","Female","Active_Injection",542.4
"No_Treatment","26_27","Female","Nonactive_Noninjection",160
"No_Treatment","26_27","Female","Nonactive_Injection",53.6
"No_Treatment","28_29","Male","Active_Noninjection",2838.4
"No_Treatment","28_29","Male","Active_Injection",950.8
"No_Treatment","28_29","Male","Nonactive_Noninjection",280.8
"No_Treatment","28_29","Male","Nonactive_Injection",94
"No_Treatment","28_29","Female","Active_Noninjection",1619.6
"No_Treatment","28_29","Female","Active_Injection",542.4
"No_Treatment","28_29","Female","Nonactive_Noninjection",160
"No_Treatment","28_29","Female","Nonactive_Injection",53.6
"No_Treatment","30_31","Male","Active_Noninjection",2479.2
"No_Treatment","30_31","Male","Active_Injection",830.4
"No_Treatment","30_31","Male","Nonactive_Noninjection",245.2
"No_Treatment","30_31","Male","Nonactive_Injection",82
"No_Treatment","30_31","Female","Active_Noninjection",1556.8
"No_Treatment","30_31","Female","Active_Injection",521.2
"No_Treatment","30_31","Female","Nonactive_Noninjection",154
"No_Treatment","30_31","Female","Nonactive_Injection",51.6
"No_Treatment","32_33","Male","Active_Noninjection",2479.2
"No_Treatment","32_33","Male","Active_Injection",830.4
"No_Treatment","32_33","Male","Nonactive_Noninjection",245.2
"No_Treatment","32_33","Male","Nonactive_Injection",82
"No_Treatment","32_33","Female","Active_Noninjection",1556.8
"No_Treatment","32_33","Female","Active_Injection",521.2
"No_Treatment","32_33","Female","Nonactive_Noninjection",154
"No_Treatment","32_33","Female","Nonactive_Injection",51.6
"No_Treatment","34_35","Male","Active_Noninjection",2643.4
"No_Treatment","34_35","Male","Active_Injection",885.4
"No_Treatment","34_35","Male","Nonactive_Noninjection",261.4
"No_Treatment","34_35","Male","Nonactive_Injection",87.4
"No_Treatment","34_35","Female","Active_Noninjection",1729.8
"No_Treatment","34_35","Female","Active_Injection",579.2
"No_Treatment","34_35","Female","Nonactive_Noninjection",171
"No_Treatment","34_35","Female","Nonactive_Injection",57.4
"No_Treatment","36_37","Male","Active_Noninjection",2807.6
"No_Treatment","36_37","Male","Active_Injection",940.4
"No_Treatment","36_37","Male","Nonactive_Noninjection",277.6
"No_Treatment","36_37","Male","Nonactive_Injection",92.8
"No_Treatment","36_37","Female","Active_Noninjection",1902.8
"No_Treatment","36_37","Female","Active_Injection",637.2
"No_Treatment","36_37","Female","Nonactive_Noninjection",188
"No_Treatment","36_37","Female","Nonactive_Injection",63.2
"No_Treatment","38_39","Male","Active_Noninjection",2807.6
"No_Treatment","38_39","Male","Active_Injection",940.4
"No_Treatment","38_39","Male","Nonactive_Noninjection",277.6
"No_Treatment","38_39","Male","Nonactive_Injection",92.8
"No_Treatment","38_39","Female","Active_Noninjection",1902.8
"No_Treatment","38_39","Female","Active_Injection",637.2
"No_Treatment","38_39","Female","Nonactive_Noninjection",188
"No_Treatment","38_39","Female","Nonactive_Injection",63.2
"No_Treatment","40_41","Male","Active_Noninjection",3092.4
"No_Treatment","40_41","Male","Active_Injection",1035.6
"No_Treatment","40_41","Male","Nonactive_Noninjection",306
"No_Treatment","40_41","Male","Nonactive_Injection",102.4
"No_Treatment","40_41","Female","Active_Noninjection",2036.4
"No_Treatment","40_41","Female","Active_Injection",682
"No_Treatment","40_41","Female","Nonactive_Noninjection",201.6
"No_Treatment","40_41","Female","Nonactive_Injection",67.6
"No_Treatment","42_43","Male","Active_Noninjection",3092.4
"No_Treatment","42_43","Male","Active_Injection",1035.6
"No_Treatment","42_43","Male","Nonactive_Noninjection",306
"No_Treatment","42_43","Male","Nonactive_Injection",102.4
"No_Treatment","42_43","Female","Active_Noninjection",2036.4
"No_Treatment","42_43","Female","Active_Injection",682
"No_Treatment","42_43","Female","Nonactive_Noninjection",201.6
"No_Treatment","42_43","Female","Nonactive_Injection",67.6
"No_Treatment","44_45","Male","Active_Noninjection",2863.4
"No_Treatment","44_45","Male","Active_Injection",959
"No_Treatment","44_45","Male","Nonactive_Noninjection",283.2
"No_Treatment","44_45","Male","Nonactive_Injection",94.8
"No_Treatment","44_45","Female","Active_Noninjection",1975.8
"No_Treatment","44_45","Female","Active_Injection",661.6
"No_Treatment","44_45","Female","Nonactive_Noninjection",195.6
"No_Treatment","44_45","Female","Nonactive_Injection",65.6
"No_Treatment","46_47","Male","Active_Noninjection",2634.4
"No_Treatment","46_47","Male","Active_Injection",882.4
"No_Treatment","46_47","Male","Nonactive_Noninjection",260.4
"No_Treatment","46_47","Male","Nonactive_Injection",87.2
"No_Treatment","46_47","Female","Active_Noninjection",1915.2
"No_Treatment","46_47","Female","Active_Injection",641.2
"No_Treatment","46_47","Female","Nonactive_Noninjection",189.6
"No_Treatment","46_47","Female","Nonactive_Injection",63.6
"No_Treatment","48_49","Male","Active_Noninjection",2634.4
"No_Treatment","48_49","Male","Active_Injection",882.4
"No_Treatment","48_49","Male","Nonactive_Noninjection",260.4
"No_Treatment","48_49","Male","Nonactive_Injection",87.2
"No_Treatment","48_49","Female","Active_Noninjection",1915.2
"No_Treatment","48_49","Female","Active_Injection",641.2
"No_Treatment","48_49","Female","Nonactive_Noninjection",189.6
"No_Treatment","48_49","Female","Nonactive_Injection",63.6
"No_Treatment","50_51","Male","Active_Noninjection",2666.8
"No_Treatment","50_51","Male","Active_Injection",893.2
"No_Treatment","50_51","Male","Nonactive_Noninjection",263.6
"No_Treatment","50_51","Male","Nonactive_Injection",88.4
"No_Treatment","50_51","Female","Active_Noninjection",1930.8
"No_Treatment","50_51","Female","Active_Injection",646.4
"No_Treatment","50_51","Female","Nonactive_Noninjection",190.8
"No_Treatment","50_51","Female","Nonactive_Injection",64
"No_Treatment","52_53","Male","Active_Noninjection",2666.8
"No_Treatment","52_53","Male","Active_Injection",893.2
"No_Treatment","52_53","Male","Nonactive_Noninjection",263.6
"No_Treatment","52_53","Male","Nonactive_Injection",88.4
"No_Treatment","52_53","Female","Active_Noninjection",1930.8
"No_Treatment","52_53","Female","Active_Injection",646.4
"No_Treatment","52_53","Female","Nonactive_Noninjection",190.8
"No_Treatment","52_53","Female","Nonactive_Injection",64
"No_Treatment","54_55","Male","Active_Noninjection",2538.8
"No_Treatment","54_55","Male","Active_Injection",850.2
"No_Treatment","54_55","Male","Nonactive_Noninjection",251
"No_Treatment","54_55","Male","Nonactive_Injection",84.2
"No_Treatment","54_55","Female","Active_Noninjection",1872.6
"No_Treatment","54_55","Female","Active_Injection",627
"No_Treatment","54_55","Female","Nonactive_Noninjection",185.2
"No_Treatment","54_55","Female","Nonactive_Injection",62
"No_Treatment","56_57","Male","Active_Noninjection",2410.8
"No_Treatment","56_57","Male","Active_Injection",807.2
"No_Treatment","56_57","Male","Nonactive_Noninjection",238.4
"No_Treatment","56_57","Male","Nonactive_Injection",80
"No_Treatment","56_57","Female","Active_Noninjection",1814.4
"No_Treatment","56_57","Female","Active_Injection",607.6
"No_Treatment","56_57","Female","Nonactive_Noninjection",179.6
"No_Treatment","56_57","Female","Nonactive_Injection",60
"No_Treatment","58_59","Male","Active_Noninjection",2410.8
"No_Treatment","58_59","Male","Active_Injection",807.2
"No_Treatment","58_59","Male","Nonactive_Noninjection",238.4
"No_Treatment","58_59","Male","Nonactive_Injection",80
"No_Treatment","58_59","Female","Active_Noninjection",1814.4
"No_Treatment","58_59","Female","Active_Injection",607.6
"No_Treatment","58_59","Female","Nonactive_Noninjection",179.6
"No_Treatment","58_59","Female","Nonactive_Injection",60
"No_Treatment","60_61","Male","Active_Noninjection",2183.2
"No_Treatment","60_61","Male","Active_Injection",731.2
"No_Treatment","60_61","Male","Nonactive_Noninjection",216
"No_Treatment","60_61","Male","Nonactive_Injection",72.4
"No_Treatment","60_61","Female","Active_Noninjection",1675.2
"No_Treatment","60_61","Female","Active_Injection",561.2
"No_Treatment","60_61","Female","Nonactive_Noninjection",165.6
"No_Treatment","60_61","Female","Nonactive_Injection",55.6
"No_Treatment","62_63","Male","Active_Noninjection",2183.2
"No_Treatment","62_63","Male","Active_Injection",731.2
"No_Treatment","62_63","Male","Nonactive_Noninjection",216
"No_Treatment","62_63","Male","Nonactive_Injection",72.4
"No_Treatment","62_63","Female","Active_Noninjection",1675.2
"No_Treatment","62_63","Female","Active_Injection",561.2
"No_Treatment","62_63","Female","Nonactive_Noninjection",165.6
"No_Treatment","62_63","Female","Nonactive_Injection",55.6
"No_Treatment","64_65","Male","Active_Noninjection",1921.8
"No_Treatment","64_65","Male","Active_Injection",643.6
"No_Treatment","64_65","Male","Nonactive_Noninjection",190.2
"No_Treatment","64_65","Male","Nonactive_Injection",63.8
"No_Treatment","64_65","Female","Active_Noninjection",1488.8
"No_Treatment","64_65","Female","Active_Injection",498.8
"No_Treatment","64_65","Female","Nonactive_Noninjection",147.2
"No_Treatment","64_65","Female","Nonactive_Injection",49.4
"No_Treatment","66_67","Male","Active_Noninjection",1660.4
"No_Treatment","66_67","Male","Active_Injection",556
"No_Treatment","66_67","Male","Nonactive_Noninjection",164.4
"No_Treatment","66_67","Male","Nonactive_Injection",55.2
"No_Treatment","66_67","Female","Active_Noninjection",1302.4
"No_Treatment","66_67","Female","Active_Injection",436.4
"No_Treatment","66_67","Female","Nonactive_Noninjection",128.8
"No_Treatment","66_67","Female","Nonactive_Injection",43.2
"No_Treatment","68_69","Male","Active_Noninjection",1660.4
"No_Treatment","68_69","Male","Active_Injection",556
"No_Treatment","68_69","Male","Nonactive_Noninjection",164.4
"No_Treatment","68_69","Male","Nonactive_Injection",55.2
"No_Treatment","68_69","Female","Active_Noninjection",1302.4
"No_Treatment","68_69","Female","Active_Injection",436.4
"No_Treatment","68_69","Female","Nonactive_Noninjection",128.8
"No_Treatment","68_69","Female","Nonactive_Injection",43.2
"No_Treatment","70_71","Male","Active_Noninjection",1225.2
"No_Treatment","70_71","Male","Active_Injection",410.4
"No_Treatment","70_71","Male","Nonactive_Noninjection",121.2
"No_Treatment","70_71","Male","Nonactive_Injection",40.8
"No_Treatment","70_71","Female","Active_Noninjection",996.4
"No_Treatment","70_71","Female","Active_Injection",333.6
"No_Treatment","70_71","Female","Nonactive_Noninjection",98.4
"No_Treatment","70_71","Female","Nonactive_Injection",33.2
"No_Treatment","72_73","Male","Active_Noninjection",1225.2
"No_Treatment","72_73","Male","Active_Injection",410.4
"No_Treatment","72_73","Male","Nonactive_Noninjection",121.2
"No_Treatment","72_73","Male","Nonactive_Injection",40.8
"No_Treatment","72_73","Female","Active_Noninjection",996.4
"No_Treatment","72_73","Female","Active_Injection",333.6
"No_Treatment","72_73","Female","Nonactive_Noninjection",98.4
"No_Treatment","72_73","Female","Nonactive_Injection",33.2
"No_Treatment","74_75","Male","Active_Noninjection",1074.8
"No_Treatment","74_75","Male","Active_Injection",360
"No_Treatment","74_75","Male","Nonactive_Noninjection",106.4
"No_Treatment","74_75","Male","Nonactive_Injection",35.8
"No_Treatment","74_75","Female","Active_Noninjection",910.6
"No_Treatment","74_75","Female","Active_Injection",305
"No_Treatment","74_75","Female","Nonactive_Noninjection",90
"No_Treatment","74_75","Female","Nonactive_Injection",30.2
"No_Treatment","76_77","Male","Active_Noninjection",924.4
"No_Treatment","76_77","Male","Active_Injection",309.6
"No_Treatment","76_77","Male","Nonactive_Noninjection",91.6
"No_Treatment","76_77","Male","Nonactive_Injection",30.8
"No_Treatment","76_77","Female","Active_Noninjection",824.8
"No_Treatment","76_77","Female","Active_Injection",276.4
"No_Treatment","76_77","Female","Nonactive_Noninjection",81.6
"No_Treatment","76_77","Female","Nonactive_Injection",27.2
"No_Treatment","78_79","Male","Active_Noninjection",924.4
"No_Treatment","78_79","Male","Active_Injection",309.6
"No_Treatment","78_79","Male","Nonactive_Noninjection",91.6
"No_Treatment","78_79","Male","Nonactive_Injection",30.8
"No_Treatment","78_79","Female","Active_Noninjection",824.8
"No_Treatment","78_79","Female","Active_Injection",276.4
"No_Treatment","78_79","Female","Nonactive_Noninjection",81.6
"No_Treatment","78_79","Female","Nonactive_Injection",27.2
"No_Treatment","80_81","Male","Active_Noninjection",666.8
"No_Treatment","80_81","Male","Active_Injection",223.6
"No_Treatment","80_81","Male","Nonactive_Noninjection",66
"No_Treatment","80_81","Male","Nonactive_Injection",22
"No_Treatment","80_81","Female","Active_Noninjection",687.2
"No_Treatment","80_81","Female","Active_Injection",230
"No_Treatment","80_81","Female","Nonactive_Noninjection",68
"No_Treatment","80_81","Female","Nonactive_Injection",22.8
"No_Treatment","82_83","Male","Active_Noninjection",666.8
"No_Treatment","82_83","Male","Active_Injection",223.6
"No_Treatment","82_83","Male","Nonactive_Noninjection",66
"No_Treatment","82_83","Male","Nonactive_Injection",22
"No_Treatment","82_83","Female","Active_Noninjection",687.2
"No_Treatment","82_83","Female","Active_Injection",230
"No_Treatment","82_83","Female","Nonactive_Noninjection",68
"No_Treatment","82_83","Female","Nonactive_Injection",22.8
"No_Treatment","84_85","Male","Active_Noninjection",518.4
"No_Treatment","84_85","Male","Active_Injection",173.8
"No_Treatment","84_85","Male","Nonactive_Noninjection",51.4
"No_Treatment","84_85","Male","Nonactive_Injection",17.2
"No_Treatment","84_85","Female","Active_Noninjection",577.6
"No_Treatment","84_85","Female","Active_Injection",193.4
"No_Treatment","84_85","Female","Nonactive_Noninjection",57.2
"No_Treatment","84_85","Female","Nonactive_Injection",19.2
"No_Treatment","86_87","Male","Active_Noninjection",370
"No_Treatment","86_87","Male","Active_Injection",124
"No_Treatment","86_87","Male","Nonactive_Noninjection",36.8
"No_Treatment","86_87","Male","Nonactive_Injection",12.4
"No_Treatment","86_87","Female","Active_Noninjection",468
"No_Treatment","86_87","Female","Active_Injection",156.8
"No_Treatment","86_87","Female","Nonactive_Noninjection",46.4
"No_Treatment","86_87","Female","Nonactive_Injection",15.6
"No_Treatment","88_89","Male","Active_Noninjection",370
"No_Treatment","88_89","Male","Active_Injection",124
"No_Treatment","88_89","Male","Nonactive_Noninjection",36.8
"No_Treatment","88_89","Male","Nonactive_Injection",12.4
"No_Treatment","88_89","Female","Active_Noninjection",468
"No_Treatment","88_89","Female","Active_Injection",156.8
"No_Treatment","88_89","Female","Nonactive_Noninjection",46.4
"No_Treatment","88_89","Female","Nonactive_Injection",15.6
"No_Treatment","90_91","Male","Active_Noninjection",123.2
"No_Treatment","90_91","Male","Active_Injection",41.2
"No_Treatment","90_91","Male","Nonactive_Noninjection",12.4
"No_Treatment","90_91","Male","Nonactive_Injection",4
"No_Treatment","90_91","Female","Active_Noninjection",204.4
"No_Treatment","90_91","Female","Active_Injection",68.4
"No_Treatment","90_91","Female","Nonactive_Noninjection",20.4
"No_Treatment","90_91","Female","Nonactive_Injection",6.8
"No_Treatment","92_93","Male","Active_Noninjection",123.2
"No_Treatment","92_93","Male","Active_Injection",41.2
"No_Treatment","92_93","Male","Nonactive_Noninjection",12.4
"No_Treatment","92_93","Male","Nonactive_Injection",4
"No_Treatment","92_93","Female","Active_Noninjection",204.4
"No_Treatment","92_93","Female","Active_Injection",68.4
"No_Treatment","92_93","Female","Nonactive_Noninjection",20.4
"No_Treatment","92_93","Female","Nonactive_Injection",6.8
"No_Treatment","94_95","Male","Active_Noninjection",73.2
"No_Treatment","94_95","Male","Active_Injection",24.4
"No_Treatment","94_95","Male","Nonactive_Noninjection",7.4
"No_Treatment","94_95","Male","Nonactive_Injection",2.4
"No_Treatment","94_95","Female","Active_Noninjection",130.6
"No_Treatment","94_95","Female","Active_Injection",43.6
"No_Treatment","94_95","Female","Nonactive_Noninjection",13
"No_Treatment","94_95","Female","Nonactive_Injection",4.4
"No_Treatment","96_97","Male","Active_Noninjection",23.2
"No_Treatment","96_97","Male","Active_Injection",7.6
"No_Treatment","96_97","Male","Nonactive_Noninjection",2.4
"No_Treatment","96_97","Male","Nonactive_Injection",0.8
"No_Treatment","96_97","Female","Active_Noninjection",56.8
"No_Treatment","96_97","Female","Active_Injection",18.8
"No_Treatment","96_97","Female","Nonactive_Noninjection",5.6
"No_Treatment","96_97","Female","Nonactive_Injection",2
"No_Treatment","98_99","Male","Active_Noninjection",23.2
"No_Treatment","98_99","Male","Active_Injection",7.6
"No_Treatment","98_99","Male","Nonactive_Noninjection",2.4
"No_Treatment","98_99","Male","Nonactive_Injection",0.8
"No_Treatment","98_99","Female","Active_Noninjection",56.8
"No_Treatment","98_99","Female","Active_Injection",18.8
"No_Treatment","98_99","Female","Nonactive_Noninjection",5.6
"No_Treatment","98_99","Female","Nonactive_Injection",2
"Buprenorphine","10_11","Male","Active_Noninjection",0
"Buprenorphine","10_11","Male","Active_Injection",0
"Buprenorphine","10_11","Male","Nonactive_Noninjection",0.4
"Buprenorphine","10_11","Male","Nonactive_Injection",0
"Buprenorphine","10_11","Female","Active_Noninjection",0
"Buprenorphine","10_11","Female","Active_Injection",0
"Buprenorphine","10_11","Female","Nonactive_Noninjection",0
"Buprenorphine","10_11","Female","Nonactive_Injection",0
"Buprenorphine","12_13","Male","Active_Noninjection",0
"Buprenorphine","12_13","Male","Active_Injection",0
"Buprenorphine","12_13","Male","Nonactive_Noninjection",0.4
"Buprenorphine","12_13","Male","Nonactive_Injection",0
"Buprenorphine","12_13","Female","Active_Noninjection",0
"Buprenorphine","12_13","Female","Active_Injection",0
"Buprenorphine","12_13","Female","Nonactive_Noninjection",0
"Buprenorphine","12_13","Female","Nonactive_Injection",0
"Buprenorphine","14_15","Male","Active_Noninjection",2.6
"Buprenorphine","14_15","Male","Active_Injection",0.8
"Buprenorphine","14_15","Male","Nonactive_Noninjection",7.6
"Buprenorphine","14_15","Male","Nonactive_Injection",2.6
"Buprenorphine","14_15","Female","Active_Noninjection",1.4
"Buprenorphine","14_15","Female","Active_Injection",0.6
"Buprenorphine","14_15","Female","Nonactive_Noninjection",4.4
"Buprenorphine","14_15","Female","Nonactive_Injection",1.4
"Buprenorphine","16_17","Male","Active_Noninjection",5.2
"Buprenorphine","16_17","Male","Active_Injection",1.6
"Buprenorphine","16_17","Male","Nonactive_Noninjection",14.8
"Buprenorphine","16_17","Male","Nonactive_Injection",5.2
"Buprenorphine","16_17","Female","Active_Noninjection",2.8
"Buprenorphine","16_17","Female","Active_Injection",1.2
"Buprenorphine","16_17","Female","Nonactive_Noninjection",8.8
"Buprenorphine","16_17","Female","Nonactive_Injection",2.8
"Buprenorphine","18_19","Male","Active_Noninjection",5.2
"Buprenorphine","18_19","Male","Active_Injection",1.6
"Buprenorphine","18_19","Male","Nonactive_Noninjection",14.8
"Buprenorphine","18_19","Male","Nonactive_Injection",5.2
"Buprenorphine","18_19","Female","Active_Noninjection",2.8
"Buprenorphine","18_19","Female","Active_Injection",1.2
"Buprenorphine","18_19","Female","Nonactive_Noninjection",8.8
"Buprenorphine","18_19","Female","Nonactive_Injection",2.8
"Buprenorphine","20_21","Male","Active_Noninjection",74.4
"Buprenorphine","20_21","Male","Active_Injection",24.8
"Buprenorphine","20_21","Male","Nonactive_Noninjection",219.6
"Buprenorphine","20_21","Male","Nonactive_Injection",73.6
"Buprenorphine","20_21","Female","Active_Noninjection",48.4
"Buprenorphine","20_21","Female","Active_Injection",16
"Buprenorphine","20_21","Female","Nonactive_Noninjection",142.8
"Buprenorphine","20_21","Female","Nonactive_Injection",48
"Buprenorphine","22_23","Male","Active_Noninjection",74.4
"Buprenorphine","22_23","Male","Active_Injection",24.8
"Buprenorphine","22_23","Male","Nonactive_Noninjection",219.6
"Buprenorphine","22_23","Male","Nonactive_Injection",73.6
"Buprenorphine","22_23","Female","Active_Noninjection",48.4
"Buprenorphine","22_23","Female","Active_Injection",16
"Buprenorphine","22_23","Female","Nonactive_Noninjection",142.8
"Buprenorphine","22_23","Female","Nonactive_Injection",48
"Buprenorphine","24_25","Male","Active_Noninjection",107.4
"Buprenorphine","24_25","Male","Active_Injection",35.8
"Buprenorphine","24_25","Male","Nonactive_Noninjection",317
"Buprenorphine","24_25","Male","Nonactive_Injection",106.2
"Buprenorphine","24_25","Female","Active_Noninjection",75.4
"Buprenorphine","24_25","Female","Active_Injection",25.2
"Buprenorphine","24_25","Female","Nonactive_Noninjection",222.8
"Buprenorphine","24_25","Female","Nonactive_Injection",74.6
"Buprenorphine","26_27","Male","Active_Noninjection",140.4
"Buprenorphine","26_27","Male","Active_Injection",46.8
"Buprenorphine","26_27","Male","Nonactive_Noninjection",414.4
"Buprenorphine","26_27","Male","Nonactive_Injection",138.8
"Buprenorphine","26_27","Female","Active_Noninjection",102.4
"Buprenorphine","26_27","Female","Active_Injection",34.4
"Buprenorphine","26_27","Female","Nonactive_Noninjection",302.8
"Buprenorphine","26_27","Female","Nonactive_Injection",101.2
"Buprenorphine","28_29","Male","Active_Noninjection",140.4
"Buprenorphine","28_29","Male","Active_Injection",46.8
"Buprenorphine","28_29","Male","Nonactive_Noninjection",414.4
"Buprenorphine","28_29","Male","Nonactive_Injection",138.8
"Buprenorphine","28_29","Female","Active_Noninjection",102.4
"Buprenorphine","28_29","Female","Active_Injection",34.4
"Buprenorphine","28_29","Female","Nonactive_Noninjection",302.8
"Buprenorphine","28_29","Female","Nonactive_Injection",101.2
"Buprenorphine","30_31","Male","Active_Noninjection",174
"Buprenorphine","30_31","Male","Active_Injection",58
"Buprenorphine","30_31","Male","Nonactive_Noninjection",513.2
"Buprenorphine","30_31","Male","Nonactive_Injection",172
"Buprenorphine","30_31","Female","Active_Noninjection",109.2
"Buprenorphine","30_31","Female","Active_Injection",36.8
"Buprenorphine","30_31","Female","Nonactive_Noninjection",322.8
"Buprenorphine","30_31","Female","Nonactive_Injection",108
"Buprenorphine","32_33","Male","Active_Noninjection",174
"Buprenorphine","32_33","Male","Active_Injection",58
"Buprenorphine","32_33","Male","Nonactive_Noninjection",513.2
"Buprenorphine","32_33","Male","Nonactive_Injection",172
"Buprenorphine","32_33","Female","Active_Noninjection",109.2
"Buprenorphine","32_33","Female","Active_Injection",36.8
"Buprenorphine","32_33","Female","Nonactive_Noninjection",322.8
"Buprenorphine","32_33","Female","Nonactive_Injection",108
"Buprenorphine","34_35","Male","Active_Noninjection",151.4
"Buprenorphine","34_35","Male","Active_Injection",50.6
"Buprenorphine","34_35","Male","Nonactive_Noninjection",446.8
"Buprenorphine","34_35","Male","Nonactive_Injection",149.8
"Buprenorphine","34_35","Female","Active_Noninjection",91
"Buprenorphine","34_35","Female","Active_Injection",30.6
"Buprenorphine","34_35","Female","Nonactive_Noninjection",268.6
"Buprenorphine","34_35","Female","Nonactive_Injection",90
"Buprenorphine","36_37","Male","Active_Noninjection",128.8
"Buprenorphine","36_37","Male","Active_Injection",43.2
"Buprenorphine","36_37","Male","Nonactive_Noninjection",380.4
"Buprenorphine","36_37","Male","Nonactive_Injection",127.6
"Buprenorphine","36_37","Female","Active_Noninjection",72.8
"Buprenorphine","36_37","Female","Active_Injection",24.4
"Buprenorphine","36_37","Female","Nonactive_Noninjection",214.4
"Buprenorphine","36_37","Female","Nonactive_Injection",72
"Buprenorphine","38_39","Male","Active_Noninjection",128.8
"Buprenorphine","38_39","Male","Active_Injection",43.2
"Buprenorphine","38_39","Male","Nonactive_Noninjection",380.4
"Buprenorphine","38_39","Male","Nonactive_Injection",127.6
"Buprenorphine","38_39","Female","Active_Noninjection",72.8
"Buprenorphine","38_39","Female","Active_Injection",24.4
"Buprenorphine","38_39","Female","Nonactive_Noninjection",214.4
"Buprenorphine","38_39","Female","Nonactive_Injection",72
"Buprenorphine","40_41","Male","Active_Noninjection",104
"Buprenorphine","40_41","Male","Active_Injection",34.8
"Buprenorphine","40_41","Male","Nonactive_Noninjection",307.6
"Buprenorphine","40_41","Male","Nonactive_Injection",102.8
"Buprenorphine","40_41","Female","Active_Noninjection",72
"Buprenorphine","40_41","Female","Active_Injection",24
"Buprenorphine","40_41","Female","Nonactive_Noninjection",213.2
"Buprenorphine","40_41","Female","Nonactive_Injection",71.6
"Buprenorphine","42_43","Male","Active_Noninjection",104
"Buprenorphine","42_43","Male","Active_Injection",34.8
"Buprenorphine","42_43","Male","Nonactive_Noninjection",307.6
"Buprenorphine","42_43","Male","Nonactive_Injection",102.8
"Buprenorphine","42_43","Female","Active_Noninjection",72
"Buprenorphine","42_43","Female","Active_Injection",24
"Buprenorphine","42_43","Female","Nonactive_Noninjection",213.2
"Buprenorphine","42_43","Female","Nonactive_Injection",71.6
"Buprenorphine","44_45","Male","Active_Noninjection",100.8
"Buprenorphine","44_45","Male","Active_Injection",33.8
"Buprenorphine","44_45","Male","Nonactive_Noninjection",298.2
"Buprenorphine","44_45","Male","Nonactive_Injection",99.6
"Buprenorphine","44_45","Female","Active_Noninjection",66.8
"Buprenorphine","44_45","Female","Active_Injection",22.4
"Buprenorphine","44_45","Female","Nonactive_Noninjection",197.6
"Buprenorphine","44_45","Female","Nonactive_Injection",66.2
"Buprenorphine","46_47","Male","Active_Noninjection",97.6
"Buprenorphine","46_47","Male","Active_Injection",32.8
"Buprenorphine","46_47","Male","Nonactive_Noninjection",288.8
"Buprenorphine","46_47","Male","Nonactive_Injection",96.4
"Buprenorphine","46_47","Female","Active_Noninjection",61.6
"Buprenorphine","46_47","Female","Active_Injection",20.8
"Buprenorphine","46_47","Female","Nonactive_Noninjection",182
"Buprenorphine","46_47","Female","Nonactive_Injection",60.8
"Buprenorphine","48_49","Male","Active_Noninjection",97.6
"Buprenorphine","48_49","Male","Active_Injection",32.8
"Buprenorphine","48_49","Male","Nonactive_Noninjection",288.8
"Buprenorphine","48_49","Male","Nonactive_Injection",96.4
"Buprenorphine","48_49","Female","Active_Noninjection",61.6
"Buprenorphine","48_49","Female","Active_Injection",20.8
"Buprenorphine","48_49","Female","Nonactive_Noninjection",182
"Buprenorphine","48_49","Female","Nonactive_Injection",60.8
"Buprenorphine","50_51","Male","Active_Noninjection",82.4
"Buprenorphine","50_51","Male","Active_Injection",27.6
"Buprenorphine","50_51","Male","Nonactive_Noninjection",244
"Buprenorphine","50_51","Male","Nonactive_Injection",81.6
"Buprenorphine","50_51","Female","Active_Noninjection",56
"Buprenorphine","50_51","Female","Active_Injection",18.8
"Buprenorphine","50_51","Female","Nonactive_Noninjection",165.6
"Buprenorphine","50_51","Female","Nonactive_Injection",55.2
"Buprenorphine","52_53","Male","Active_Noninjection",82.4
"Buprenorphine","52_53","Male","Active_Injection",27.6
"Buprenorphine","52_53","Male","Nonactive_Noninjection",244
"Buprenorphine","52_53","Male","Nonactive_Injection",81.6
"Buprenorphine","52_53","Female","Active_Noninjection",56
"Buprenorphine","52_53","Female","Active_Injection",18.8
"Buprenorphine","52_53","Female","Nonactive_Noninjection",165.6
"Buprenorphine","52_53","Female","Nonactive_Injection",55.2
"Buprenorphine","54_55","Male","Active_Noninjection",68.2
"Buprenorphine","54_55","Male","Active_Injection",22.8
"Buprenorphine","54_55","Male","Nonactive_Noninjection",201.6
"Buprenorphine","54_55","Male","Nonactive_Injection",67.6
"Buprenorphine","54_55","Female","Active_Noninjection",45.2
"Buprenorphine","54_55","Female","Active_Injection",15.2
"Buprenorphine","54_55","Female","Nonactive_Noninjection",133.8
"Buprenorphine","54_55","Female","Nonactive_Injection",44.6
"Buprenorphine","56_57","Male","Active_Noninjection",54
"Buprenorphine","56_57","Male","Active_Injection",18
"Buprenorphine","56_57","Male","Nonactive_Noninjection",159.2
"Buprenorphine","56_57","Male","Nonactive_Injection",53.6
"Buprenorphine","56_57","Female","Active_Noninjection",34.4
"Buprenorphine","56_57","Female","Active_Injection",11.6
"Buprenorphine","56_57","Female","Nonactive_Noninjection",102
"Buprenorphine","56_57","Female","Nonactive_Injection",34
"Buprenorphine","58_59","Male","Active_Noninjection",54
"Buprenorphine","58_59","Male","Active_Injection",18
"Buprenorphine","58_59","Male","Nonactive_Noninjection",159.2
"Buprenorphine","58_59","Male","Nonactive_Injection",53.6
"Buprenorphine","58_59","Female","Active_Noninjection",34.4
"Buprenorphine","58_59","Female","Active_Injection",11.6
"Buprenorphine","58_59","Female","Nonactive_Noninjection",102
"Buprenorphine","58_59","Female","Nonactive_Injection",34
"Buprenorphine","60_61","Male","Active_Noninjection",24.4
"Buprenorphine","60_61","Male","Active_Injection",8
"Buprenorphine","60_61","Male","Nonactive_Noninjection",72
"Buprenorphine","60_61","Male","Nonactive_Injection",24.4
"Buprenorphine","60_61","Female","Active_Noninjection",12.4
"Buprenorphine","60_61","Female","Active_Injection",4
"Buprenorphine","60_61","Female","Nonactive_Noninjection",36
"Buprenorphine","60_61","Female","Nonactive_Injection",12
"Buprenorphine","62_63","Male","Active_Noninjection",24.4
"Buprenorphine","62_63","Male","Active_Injection",8
"Buprenorphine","62_63","Male","Nonactive_Noninjection",72
"Buprenorphine","62_63","Male","Nonactive_Injection",24.4
"Buprenorphine","62_63","Female","Active_Noninjection",12.4
"Buprenorphine","62_63","Female","Active_Injection",4
"Buprenorphine","62_63","Female","Nonactive_Noninjection",36
"Buprenorphine","62_63","Female","Nonactive_Injection",12
"Buprenorphine","64_65","Male","Active_Noninjection",16.4
"Buprenorphine","64_65","Male","Active_Injection",5.4
"Buprenorphine","64_65","Male","Nonactive_Noninjection",48.2
"Buprenorphine","64_65","Male","Nonactive_Injection",16.2
"Buprenorphine","64_65","Female","Active_Noninjection",7.6
"Buprenorphine","64_65","Female","Active_Injection",2.6
"Buprenorphine","64_65","Female","Nonactive_Noninjection",22.2
"Buprenorphine","64_65","Female","Nonactive_Injection",7.4
"Buprenorphine","66_67","Male","Active_Noninjection",8.4
"Buprenorphine","66_67","Male","Active_Injection",2.8
"Buprenorphine","66_67","Male","Nonactive_Noninjection",24.4
"Buprenorphine","66_67","Male","Nonactive_Injection",8
"Buprenorphine","66_67","Female","Active_Noninjection",2.8
"Buprenorphine","66_67","Female","Active_Injection",1.2
"Buprenorphine","66_67","Female","Nonactive_Noninjection",8.4
"Buprenorphine","66_67","Female","Nonactive_Injection",2.8
"Buprenorphine","68_69","Male","Active_Noninjection",8.4
"Buprenorphine","68_69","Male","Active_Injection",2.8
"Buprenorphine","68_69","Male","Nonactive_Noninjection",24.4
"Buprenorphine","68_69","Male","Nonactive_Injection",8
"Buprenorphine","68_69","Female","Active_Noninjection",2.8
"Buprenorphine","68_69","Female","Active_Injection",1.2
"Buprenorphine","68_69","Female","Nonactive_Noninjection",8.4
"Buprenorphine","68_69","Female","Nonactive_Injection",2.8
"Buprenorphine","70_71","Male","Active_Noninjection",2
"Buprenorphine","70_71","Male","Active_Injection",0.8
"Buprenorphine","70_71","Male","Nonactive_Noninjection",6.4
"Buprenorphine","70_71","Male","Nonactive_Injection",2
"Buprenorphine","70_71","Female","Active_Noninjection",1.6
"Buprenorphine","70_71","Female","Active_Injection",0.8
"Buprenorphine","70_71","Female","Nonactive_Noninjection",4.8
"Buprenorphine","70_71","Female","Nonactive_Injection",1.6
"Buprenorphine","72_73","Male","Active_Noninjection",2
"Buprenorphine","72_73","Male","Active_Injection",0.8
"Buprenorphine","72_73","Male","Nonactive_Noninjection",6.4
"Buprenorphine","72_73","Male","Nonactive_Injection",2
"Buprenorphine","72_73","Female","Active_Noninjection",1.6
"Buprenorphine","72_73","Female","Active_Injection",0.8
"Buprenorphine","72_73","Female","Nonactive_Noninjection",4.8
"Buprenorphine","72_73","Female","Nonactive_Injection",1.6
"Buprenorphine","74_75","Male","Active_Noninjection",1.4
"Buprenorphine","74_75","Male","Active_Injection",0.6
"Buprenorphine","74_75","Male","Nonactive_Noninjection",4.4
"Buprenorphine","74_75","Male","Nonactive_Injection",1.4
"Buprenorphine","74_75","Female","Active_Noninjection",1.4
"Buprenorphine","74_75","Female","Active_Injection",0.6
"Buprenorphine","74_75","Female","Nonactive_Noninjection",4
"Buprenorphine","74_75","Female","Nonactive_Injection",1.4
"Buprenorphine","76_77","Male","Active_Noninjection",0.8
"Buprenorphine","76_77","Male","Active_Injection",0.4
"Buprenorphine","76_77","Male","Nonactive_Noninjection",2.4
"Buprenorphine","76_77","Male","Nonactive_Injection",0.8
"Buprenorphine","76_77","Female","Active_Noninjection",1.2
"Buprenorphine","76_77","Female","Active_Injection",0.4
"Buprenorphine","76_77","Female","Nonactive_Noninjection",3.2
"Buprenorphine","76_77","Female","Nonactive_Injection",1.2
"Buprenorphine","78_79","Male","Active_Noninjection",0.8
"Buprenorphine","78_79","Male","Active_Injection",0.4
"Buprenorphine","78_79","Male","Nonactive_Noninjection",2.4
"Buprenorphine","78_79","Male","Nonactive_Injection",0.8
"Buprenorphine","78_79","Female","Active_Noninjection",1.2
"Buprenorphine","78_79","Female","Active_Injection",0.4
"Buprenorphine","78_79","Female","Nonactive_Noninjection",3.2
"Buprenorphine","78_79","Female","Nonactive_Injection",1.2
"Buprenorphine","80_81","Male","Active_Noninjection",0.8
"Buprenorphine","80_81","Male","Active_Injection",0.4
"Buprenorphine","80_81","Male","Nonactive_Noninjection",1.6
"Buprenorphine","80_81","Male","Nonactive_Injection",0.4
"Buprenorphine","80_81","Female","Active_Noninjection",1.2
"Buprenorphine","80_81","Female","Active_Injection",0.4
"Buprenorphine","80_81","Female","Nonactive_Noninjection",3.6
"Buprenorphine","80_81","Female","Nonactive_Injection",1.2
"Buprenorphine","82_83","Male","Active_Noninjection",0.8
"Buprenorphine","82_83","Male","Active_Injection",0.4
"Buprenorphine","82_83","Male","Nonactive_Noninjection",1.6
"Buprenorphine","82_83","Male","Nonactive_Injection",0.4
"Buprenorphine","82_83","Female","Active_Noninjection",1.2
"Buprenorphine","82_83","Female","Active_Injection",0.4
"Buprenorphine","82_83","Female","Nonactive_Noninjection",3.6
"Buprenorphine","82_83","Female","Nonactive_Injection",1.2
"Buprenorphine","84_85","Male","Active_Noninjection",0.6
"Buprenorphine","84_85","Male","Active_Injection",0.2
"Buprenorphine","84_85","Male","Nonactive_Noninjection",1
"Buprenorphine","84_85","Male","Nonactive_Injection",0.4
"Buprenorphine","84_85","Female","Active_Noninjection",1
"Buprenorphine","84_85","Female","Active_Injection",0.4
"Buprenorphine","84_85","Female","Nonactive_Noninjection",2.8
"Buprenorphine","84_85","Female","Nonactive_Injection",1
"Buprenorphine","86_87","Male","Active_Noninjection",0.4
"Buprenorphine","86_87","Male","Active_Injection",0
"Buprenorphine","86_87","Male","Nonactive_Noninjection",0.4
"Buprenorphine","86_87","Male","Nonactive_Injection",0.4
"Buprenorphine","86_87","Female","Active_Noninjection",0.8
"Buprenorphine","86_87","Female","Active_Injection",0.4
"Buprenorphine","86_87","Female","Nonactive_Noninjection",2
"Buprenorphine","86_87","Female","Nonactive_Injection",0.8
"Buprenorphine","88_89","Male","Active_Noninjection",0.4
"Buprenorphine","88_89","Male","Active_Injection",0
"Buprenorphine","88_89","Male","Nonactive_Noninjection",0.4
"Buprenorphine","88_89","Male","Nonactive_Injection",0.4
"Buprenorphine","88_89","Female","Active_Noninjection",0.8
"Buprenorphine","88_89","Female","Active_Injection",0.4
"Buprenorphine","88_89","Female","Nonactive_Noninjection",2
"Buprenorphine","88_89","Female","Nonactive_Injection",0.8
"Buprenorphine","90_91","Male","Active_Noninjection",0
"Buprenorphine","90_91","Male","Active_Injection",0
"Buprenorphine","90_91","Male","Nonactive_Noninjection",0.4
"Buprenorphine","90_91","Male","Nonactive_Injection",0
"Buprenorphine","90_91","Female","Active_Noninjection",0.4
"Buprenorphine","90_91","Female","Active_Injection",0
"Buprenorphine","90_91","Female","Nonactive_Noninjection",0.8
"Buprenorphine","90_91","Female","Nonactive_Injection",0.4
"Buprenorphine","92_93","Male","Active_Noninjection",0
"Buprenorphine","92_93","Male","Active_Injection",0
"Buprenorphine","92_93","Male","Nonactive_Noninjection",0.4
"Buprenorphine","92_93","Male","Nonactive_Injection",0
"Buprenorphine","92_93","Female","Active_Noninjection",0.4
"Buprenorphine","92_93","Female","Active_Injection",0
"Buprenorphine","92_93","Female","Nonactive_Noninjection",0.8
"Buprenorphine","92_93","Female","Nonactive_Injection",0.4
"Buprenorphine","94_95","Male","Active_Noninjection",0
"Buprenorphine","94_95","Male","Active_Injection",0
"Buprenorphine","94_95","Male","Nonactive_Noninjection",0.4
"Buprenorphine","94_95","Male","Nonactive_Injection",0
"Buprenorphine","94_95","Female","Active_Noninjection",0.2
"Buprenorphine","94_95","Female","Active_Injection",0
"Buprenorphine","94_95","Female","Nonactive_Noninjection",0.6
"Buprenorphine","94_95","Female","Nonactive_Injection",0.4
"Buprenorphine","96_97","Male","Active_Noninjection",0
"Buprenorphine","96_97","Male","Active_Injection",0
"Buprenorphine","96_97","Male","Nonactive_Noninjection",0.4
"Buprenorphine","96_97","Male","Nonactive_Injection",0
"Buprenorphine","96_97","Female","Active_Noninjection",0
"Buprenorphine","96_97","Female","Active_Injection",0
"Buprenorphine","96_97","Female","Nonactive_Noninjection",0.4
"Buprenorphine","96_97","Female","Nonactive_Injection",0.4
"Buprenorphine","98_99","Male","Active_Noninjection",0
"Buprenorphine","98_99","Male","Active_Injection",0
"Buprenorphine","98_99","Male","Nonactive_Noninjection",0.4
"Buprenorphine","98_99","Male","Nonactive_Injection",0
"Buprenorphine","98_99","Female","Active_Noninjection",0
"Buprenorphine","98_99","Female","Active_Injection",0
"Buprenorphine","98_99","Female","Nonactive_Noninjection",0.4
"Buprenorphine","98_99","Female","Nonactive_Injection",0.4
"Naltrexone","10_11","Male","Active_Noninjection",0
"Naltrexone","10_11","Male","Active_Injection",0
"Naltrexone","10_11","Male","Nonactive_Noninjection",0
"Naltrexone","10_11","Male","Nonactive_Injection",0
"Naltrexone","10_11","Female","Active_Noninjection",0
"Naltrexone","10_11","Female","Active_Injection",0
"Naltrexone","10_11","Female","Nonactive_Noninjection",0
"Naltrexone","10_11","Female","Nonactive_Injection",0
"Naltrexone","12_13","Male","Active_Noninjection",0
"Naltrexone","12_13","Male","Active_Injection",0
"Naltrexone","12_13","Male","Nonactive_Noninjection",0
"Naltrexone","12_13","Male","Nonactive_Injection",0
"Naltrexone","12_13","Female","Active_Noninjection",0
"Naltrexone","12_13","Female","Active_Injection",0
"Naltrexone","12_13","Female","Nonactive_Noninjection",0
"Naltrexone","12_13","Female","Nonactive_Injection",0
"Naltrexone","14_15","Male","Active_Noninjection",0.8
"Naltrexone","14_15","Male","Active_Injection",0.2
"Naltrexone","14_15","Male","Nonactive_Noninjection",0.4
"Naltrexone","14_15","Male","Nonactive_Injection",0.2
"Naltrexone","14_15","Female","Active_Noninjection",0.6
"Naltrexone","14_15","Female","Active_Injection",0.2
"Naltrexone","14_15","Female","Nonactive_Noninjection",0.2
"Naltrexone","14_15","Female","Nonactive_Injection",0
"Naltrexone","16_17","Male","Active_Noninjection",1.6
"Naltrexone","16_17","Male","Active_Injection",0.4
"Naltrexone","16_17","Male","Nonactive_Noninjection",0.8
"Naltrexone","16_17","Male","Nonactive_Injection",0.4
"Naltrexone","16_17","Female","Active_Noninjection",1.2
"Naltrexone","16_17","Female","Active_Injection",0.4
"Naltrexone","16_17","Female","Nonactive_Noninjection",0.4
"Naltrexone","16_17","Female","Nonactive_Injection",0
"Naltrexone","18_19","Male","Active_Noninjection",1.6
"Naltrexone","18_19","Male","Active_Injection",0.4
"Naltrexone","18_19","Male","Nonactive_Noninjection",0.8
"Naltrexone","18_19","Male","Nonactive_Injection",0.4
"Naltrexone","18_19","Female","Active_Noninjection",1.2
"Naltrexone","18_19","Female","Active_Injection",0.4
"Naltrexone","18_19","Female","Nonactive_Noninjection",0.4
"Naltrexone","18_19","Female","Nonactive_Injection",0
"Naltrexone","20_21","Male","Active_Noninjection",12.4
"Naltrexone","20_21","Male","Active_Injection",4
"Naltrexone","20_21","Male","Nonactive_Noninjection",4.4
"Naltrexone","20_21","Male","Nonactive_Injection",1.6
"Naltrexone","20_21","Female","Active_Noninjection",7.6
"Naltrexone","20_21","Female","Active_Injection",2.8
"Naltrexone","20_21","Female","Nonactive_Noninjection",2.8
"Naltrexone","20_21","Female","Nonactive_Injection",0.8
"Naltrexone","22_23","Male","Active_Noninjection",12.4
"Naltrexone","22_23","Male","Active_Injection",4
"Naltrexone","22_23","Male","Nonactive_Noninjection",4.4
"Naltrexone","22_23","Male","Nonactive_Injection",1.6
"Naltrexone","22_23","Female","Active_Noninjection",7.6
"Naltrexone","22_23","Female","Active_Injection",2.8
"Naltrexone","22_23","Female","Nonactive_Noninjection",2.8
"Naltrexone","22_23","Female","Nonactive_Injection",0.8
"Naltrexone","24_25","Male","Active_Noninjection",13.4
"Naltrexone","24_25","Male","Active_Injection",4.4
"Naltrexone","24_25","Male","Nonactive_Noninjection",4.6
"Naltrexone","24_25","Male","Nonactive_Injection",1.6
"Naltrexone","24_25","Female","Active_Noninjection",6
"Naltrexone","24_25","Female","Active_Injection",2.2
"Naltrexone","24_25","Female","Nonactive_Noninjection",2.2
"Naltrexone","24_25","Female","Nonactive_Injection",0.6
"Naltrexone","26_27","Male","Active_Noninjection",14.4
"Naltrexone","26_27","Male","Active_Injection",4.8
"Naltrexone","26_27","Male","Nonactive_Noninjection",4.8
"Naltrexone","26_27","Male","Nonactive_Injection",1.6
"Naltrexone","26_27","Female","Active_Noninjection",4.4
"Naltrexone","26_27","Female","Active_Injection",1.6
"Naltrexone","26_27","Female","Nonactive_Noninjection",1.6
"Naltrexone","26_27","Female","Nonactive_Injection",0.4
"Naltrexone","28_29","Male","Active_Noninjection",14.4
"Naltrexone","28_29","Male","Active_Injection",4.8
"Naltrexone","28_29","Male","Nonactive_Noninjection",4.8
"Naltrexone","28_29","Male","Nonactive_Injection",1.6
"Naltrexone","28_29","Female","Active_Noninjection",4.4
"Naltrexone","28_29","Female","Active_Injection",1.6
"Naltrexone","28_29","Female","Nonactive_Noninjection",1.6
"Naltrexone","28_29","Female","Nonactive_Injection",0.4
"Naltrexone","30_31","Male","Active_Noninjection",6.8
"Naltrexone","30_31","Male","Active_Injection",2.4
"Naltrexone","30_31","Male","Nonactive_Noninjection",2.4
"Naltrexone","30_31","Male","Nonactive_Injection",0.8
"Naltrexone","30_31","Female","Active_Noninjection",4.8
"Naltrexone","30_31","Female","Active_Injection",1.6
"Naltrexone","30_31","Female","Nonactive_Noninjection",1.6
"Naltrexone","30_31","Female","Nonactive_Injection",0.4
"Naltrexone","32_33","Male","Active_Noninjection",6.8
"Naltrexone","32_33","Male","Active_Injection",2.4
"Naltrexone","32_33","Male","Nonactive_Noninjection",2.4
"Naltrexone","32_33","Male","Nonactive_Injection",0.8
"Naltrexone","32_33","Female","Active_Noninjection",4.8
"Naltrexone","32_33","Female","Active_Injection",1.6
"Naltrexone","32_33","Female","Nonactive_Noninjection",1.6
"Naltrexone","32_33","Female","Nonactive_Injection",0.4
"Naltrexone","34_35","Male","Active_Noninjection",5.8
"Naltrexone","34_35","Male","Active_Injection",2
"Naltrexone","34_35","Male","Nonactive_Noninjection",2
"Naltrexone","34_35","Male","Nonactive_Injection",0.8
"Naltrexone","34_35","Female","Active_Noninjection",3.4
"Naltrexone","34_35","Female","Active_Injection",1.2
"Naltrexone","34_35","Female","Nonactive_Noninjection",1.2
"Naltrexone","34_35","Female","Nonactive_Injection",0.4
"Naltrexone","36_37","Male","Active_Noninjection",4.8
"Naltrexone","36_37","Male","Active_Injection",1.6
"Naltrexone","36_37","Male","Nonactive_Noninjection",1.6
"Naltrexone","36_37","Male","Nonactive_Injection",0.8
"Naltrexone","36_37","Female","Active_Noninjection",2
"Naltrexone","36_37","Female","Active_Injection",0.8
"Naltrexone","36_37","Female","Nonactive_Noninjection",0.8
"Naltrexone","36_37","Female","Nonactive_Injection",0.4
"Naltrexone","38_39","Male","Active_Noninjection",4.8
"Naltrexone","38_39","Male","Active_Injection",1.6
"Naltrexone","38_39","Male","Nonactive_Noninjection",1.6
"Naltrexone","38_39","Male","Nonactive_Injection",0.8
"Naltrexone","38_39","Female","Active_Noninjection",2
"Naltrexone","38_39","Female","Active_Injection",0.8
"Naltrexone","38_39","Female","Nonactive_Noninjection",0.8
"Naltrexone","38_39","Female","Nonactive_Injection",0.4
"Naltrexone","40_41","Male","Active_Noninjection",4.8
"Naltrexone","40_41","Male","Active_Injection",1.6
"Naltrexone","40_41","Male","Nonactive_Noninjection",1.6
"Naltrexone","40_41","Male","Nonactive_Injection",0.4
"Naltrexone","40_41","Female","Active_Noninjection",2.8
"Naltrexone","40_41","Female","Active_Injection",0.8
"Naltrexone","40_41","Female","Nonactive_Noninjection",0.8
"Naltrexone","40_41","Female","Nonactive_Injection",0.4
"Naltrexone","42_43","Male","Active_Noninjection",4.8
"Naltrexone","42_43","Male","Active_Injection",1.6
"Naltrexone","42_43","Male","Nonactive_Noninjection",1.6
"Naltrexone","42_43","Male","Nonactive_Injection",0.4
"Naltrexone","42_43","Female","Active_Noninjection",2.8
"Naltrexone","42_43","Female","Active_Injection",0.8
"Naltrexone","42_43","Female","Nonactive_Noninjection",0.8
"Naltrexone","42_43","Female","Nonactive_Injection",0.4
"Naltrexone","44_45","Male","Active_Noninjection",3.4
"Naltrexone","44_45","Male","Active_Injection",1
"Naltrexone","44_45","Male","Nonactive_Noninjection",1.2
"Naltrexone","44_45","Male","Nonactive_Injection",0.4
"Naltrexone","44_45","Female","Active_Noninjection",2.2
"Naltrexone","44_45","Female","Active_Injection",0.6
"Naltrexone","44_45","Female","Nonactive_Noninjection",0.6
"Naltrexone","44_45","Female","Nonactive_Injection",0.4
"Naltrexone","46_47","Male","Active_Noninjection",2
"Naltrexone","46_47","Male","Active_Injection",0.4
"Naltrexone","46_47","Male","Nonactive_Noninjection",0.8
"Naltrexone","46_47","Male","Nonactive_Injection",0.4
"Naltrexone","46_47","Female","Active_Noninjection",1.6
"Naltrexone","46_47","Female","Active_Injection",0.4
"Naltrexone","46_47","Female","Nonactive_Noninjection",0.4
"Naltrexone","46_47","Female","Nonactive_Injection",0.4
"Naltrexone","48_49","Male","Active_Noninjection",2
"Naltrexone","48_49","Male","Active_Injection",0.4
"Naltrexone","48_49","Male","Nonactive_Noninjection",0.8
"Naltrexone","48_49","Male","Nonactive_Injection",0.4
"Naltrexone","48_49","Female","Active_Noninjection",1.6
"Naltrexone","48_49","Female","Active_Injection",0.4
"Naltrexone","48_49","Female","Nonactive_Noninjection",0.4
"Naltrexone","48_49","Female","Nonactive_Injection",0.4
"Naltrexone","50_51","Male","Active_Noninjection",1.6
"Naltrexone","50_51","Male","Active_Injection",0.4
"Naltrexone","50_51","Male","Nonactive_Noninjection",0.8
"Naltrexone","50_51","Male","Nonactive_Injection",0.4
"Naltrexone","50_51","Female","Active_Noninjection",1.2
"Naltrexone","50_51","Female","Active_Injection",0.4
"Naltrexone","50_51","Female","Nonactive_Noninjection",0.4
"Naltrexone","50_51","Female","Nonactive_Injection",0.4
"Naltrexone","52_53","Male","Active_Noninjection",1.6
"Naltrexone","52_53","Male","Active_Injection",0.4
"Naltrexone","52_53","Male","Nonactive_Noninjection",0.8
"Naltrexone","52_53","Male","Nonactive_Injection",0.4
"Naltrexone","52_53","Female","Active_Noninjection",1.2
"Naltrexone","52_53","Female","Active_Injection",0.4
"Naltrexone","52_53","Female","Nonactive_Noninjection",0.4
"Naltrexone","52_53","Female","Nonactive_Injection",0.4
"Naltrexone","54_55","Male","Active_Noninjection",1.6
"Naltrexone","54_55","Male","Active_Injection",0.4
"Naltrexone","54_55","Male","Nonactive_Noninjection",0.8
"Naltrexone","54_55","Male","Nonactive_Injection",0.4
"Naltrexone","54_55","Female","Active_Noninjection",0.8
"Naltrexone","54_55","Female","Active_Injection",0.4
"Naltrexone","54_55","Female","Nonactive_Noninjection",0.4
"Naltrexone","54_55","Female","Nonactive_Injection",0.2
"Naltrexone","56_57","Male","Active_Noninjection",1.6
"Naltrexone","56_57","Male","Active_Injection",0.4
"Naltrexone","56_57","Male","Nonactive_Noninjection",0.8
"Naltrexone","56_57","Male","Nonactive_Injection",0.4
"Naltrexone","56_57","Female","Active_Noninjection",0.4
"Naltrexone","56_57","Female","Active_Injection",0.4
"Naltrexone","56_57","Female","Nonactive_Noninjection",0.4
"Naltrexone","56_57","Female","Nonactive_Injection",0
"Naltrexone","58_59","Male","Active_Noninjection",1.6
"Naltrexone","58_59","Male","Active_Injection",0.4
"Naltrexone","58_59","Male","Nonactive_Noninjection",0.8
"Naltrexone","58_59","Male","Nonactive_Injection",0.4
"Naltrexone","58_59","Female","Active_Noninjection",0.4
"Naltrexone","58_59","Female","Active_Injection",0.4
"Naltrexone","58_59","Female","Nonactive_Noninjection",0.4
"Naltrexone","58_59","Female","Nonactive_Injection",0
"Naltrexone","60_61","Male","Active_Noninjection",0.4
"Naltrexone","60_61","Male","Active_Injection",0
"Naltrexone","60_61","Male","Nonactive_Noninjection",0
"Naltrexone","60_61","Male","Nonactive_Injection",0
"Naltrexone","60_61","Female","Active_Noninjection",0.4
"Naltrexone","60_61","Female","Active_Injection",0
"Naltrexone","60_61","Female","Nonactive_Noninjection",0
"Naltrexone","60_61","Female","Nonactive_Injection",0
"Naltrexone","62_63","Male","Active_Noninjection",0.4
"Naltrexone","62_63","Male","Active_Injection",0
"Naltrexone","62_63","Male","Nonactive_Noninjection",0
"Naltrexone","62_63","Male","Nonactive_Injection",0
"Naltrexone","62_63","Female","Active_Noninjection",0.4
"Naltrexone","62_63","Female","Active_Injection",0
"Naltrexone","62_63","Female","Nonactive_Noninjection",0
"Naltrexone","62_63","Female","Nonactive_Injection",0
"Naltrexone","64_65","Male","Active_Noninjection",0.2
"Naltrexone","64_65","Male","Active_Injection",0
"Naltrexone","64_65","Male","Nonactive_Noninjection",0
"Naltrexone","64_65","Male","Nonactive_Injection",0
"Naltrexone","64_65","Female","Active_Noninjection",0.4
"Naltrexone","64_65","Female","Active_Injection",0
"Naltrexone","64_65","Female","Nonactive_Noninjection",0
"Naltrexone","64_65","Female","Nonactive_Injection",0
"Naltrexone","66_67","Male","Active_Noninjection",0
"Naltrexone","66_67","Male","Active_Injection",0
"Naltrexone","66_67","Male","Nonactive_Noninjection",0
"Naltrexone","66_67","Male","Nonactive_Injection",0
"Naltrexone","66_67","Female","Active_Noninjection",0.4
"Naltrexone","66_67","Female","Active_Injection",0
"Naltrexone","66_67","Female","Nonactive_Noninjection",0
"Naltrexone","66_67","Female","Nonactive_Injection",0
"Naltrexone","68_69","Male","Active_Noninjection",0
"Naltrexone","68_69","Male","Active_Injection",0
"Naltrexone","68_69","Male","Nonactive_Noninjection",0
"Naltrexone","68_69","Male","Nonactive_Injection",0
"Naltrexone","68_69","Female","Active_Noninjection",0.4
"Naltrexone","68_69","Female","Active_Injection",0
"Naltrexone","68_69","Female","Nonactive_Noninjection",0
"Naltrexone","68_69","Female","Nonactive_Injection",0
"Naltrexone","70_71","Male","Active_Noninjection",0.4
"Naltrexone","70_71","Male","Active_Injection",0
"Naltrexone","70_71","Male","Nonactive_Noninjection",0
"Naltrexone","70_71","Male","Nonactive_Injection",0
"Naltrexone","70_71","Female","Active_Noninjection",0
"Naltrexone","70_71","Female","Active_Injection",0
"Naltrexone","70_71","Female","Nonactive_Noninjection",0
"Naltrexone","70_71","Female","Nonactive_Injection",0
"Naltrexone","72_73","Male","Active_Noninjection",0.4
"Naltrexone","72_73","Male","Active_Injection",0
"Naltrexone","72_73","Male","Nonactive_Noninjection",0
"Naltrexone","72_73","Male","Nonactive_Injection",0
"Naltrexone","72_73","Female","Active_Noninjection",0
"Naltrexone","72_73","Female","Active_Injection",0
"Naltrexone","72_73","Female","Nonactive_Noninjection",0
"Naltrexone","72_73","Female","Nonactive_Injection",0
"Naltrexone","74_75","Male","Active_Noninjection",0.4
"Naltrexone","74_75","Male","Active_Injection",0
"Naltrexone","74_75","Male","Nonactive_Noninjection",0
"Naltrexone","74_75","Male","Nonactive_Injection",0
"Naltrexone","74_75","Female","Active_Noninjection",0.2
"Naltrexone","74_75","Female","Active_Injection",0
"Naltrexone","74_75","Female","Nonactive_Noninjection",0
"Naltrexone","74_75","Female","Nonactive_Injection",0
"Naltrexone","76_77","Male","Active_Noninjection",0.4
"Naltrexone","76_77","Male","Active_Injection",0
"Naltrexone","76_77","Male","Nonactive_Noninjection",0
"Naltrexone","76_77","Male","Nonactive_Injection",0
"Naltrexone","76_77","Female","Active_Noninjection",0.4
"Naltrexone","76_77","Female","Active_Injection",0
"Naltrexone","76_77","Female","Nonactive_Noninjection",0
"Naltrexone","76_77","Female","Nonactive_Injection",0
"Naltrexone","78_79","Male","Active_Noninjection",0.4
"Naltrexone","78_79","Male","Active_Injection",0
"Naltrexone","78_79","Male","Nonactive_Noninjection",0
"Naltrexone","78_79","Male","Nonactive_Injection",0
"Naltrexone","78_79","Female","Active_Noninjection",0.4
"Naltrexone","78_79","Female","Active_Injection",0
"Naltrexone","78_79","Female","Nonactive_Noninjection",0
"Naltrexone","78_79","Female","Nonactive_Injection",0
"Naltrexone","80_81","Male","Active_Noninjection",0
"Naltrexone","80_81","Male","Active_Injection",0
"Naltrexone","80_81","Male","Nonactive_Noninjection",0
"Naltrexone","80_81","Male","Nonactive_Injection",0
"Naltrexone","80_81","Female","Active_Noninjection",0
"Naltrexone","80_81","Female","Active_Injection",0
"Naltrexone","80_81","Female","Nonactive_Noninjection",0
"Naltrexone","80_81","Female","Nonactive_Injection",0
"Naltrexone","82_83","Male","Active_Noninjection",0
"Naltrexone","82_83","Male","Active_Injection",0
"Naltrexone","82_83","Male","Nonactive_Noninjection",0
"Naltrexone","82_83","Male","Nonactive_Injection",0
"Naltrexone","82_83","Female","Active_Noninjection",0
"Naltrexone","82_83","Female","Active_Injection",0
"Naltrexone","82_83","Female","Nonactive_Noninjection",0
"Naltrexone","82_83","Female","Nonactive_Injection",0
"Naltrexone","84_85","Male","Active_Noninjection",0
"Naltrexone","84_85","Male","Active_Injection",0
"Naltrexone","84_85","Male","Nonactive_Noninjection",0
"Naltrexone","84_85","Male","Nonactive_Injection",0
"Naltrexone","84_85","Female","Active_Noninjection",0
"Naltrexone","84_85","Female","Active_Injection",0
"Naltrexone","84_85","Female","Nonactive_Noninjection",0
"Naltrexone","84_85","Female","Nonactive_Injection",0
"Naltrexone","86_87","Male","Active_Noninjection",0
"Naltrexone","86_87","Male","Active_Injection",0
"Naltrexone","86_87","Male","Nonactive_Noninjection",0
"Naltrexone","86_87","Male","Nonactive_Injection",0
"Naltrexone","86_87","Female","Active_Noninjection",0
"Naltrexone","86_87","Female","Active_Injection",0
"Naltrexone","86_87","Female","Nonactive_Noninjection",0
"Naltrexone","86_87","Female","Nonactive_Injection",0
"Naltrexone","88_89","Male","Active_Noninjection",0
"Naltrexone","88_89","Male","Active_Injection",0
"Naltrexone","88_89","Male","Nonactive_Noninjection",0
"Naltrexone","88_89","Male","Nonactive_Injection",0
"Naltrexone","88_89","Female","Active_Noninjection",0
"Naltrexone","88_89","Female","Active_Injection",0
"Naltrexone","88_89","Female","Nonactive_Noninjection",0
"Naltrexone","88_89","Female","Nonactive_Injection",0
"Naltrexone","90_91","Male","Active_Noninjection",0
"Naltrexone","90_91","Male","Active_Injection",0
"Naltrexone","90_91","Male","Nonactive_Noninjection",0
"Naltrexone","90_91","Male","Nonactive_Injection",0
"Naltrexone","90_91","Female","Active_Noninjection",0
"Naltrexone","90_91","Female","Active_Injection",0
"Naltrexone","90_91","Female","Nonactive_Noninjection",0
"Naltrexone","90_91","Female","Nonactive_Injection",0
"Naltrexone","92_93","Male","Active_Noninjection",0
"Naltrexone","92_93","Male","Active_Injection",0
"Naltrexone","92_93","Male","Nonactive_Noninjection",0
"Naltrexone","92_93","Male","Nonactive_Injection",0
"Naltrexone","92_93","Female","Active_Noninjection",0
"Naltrexone","92_93","Female","Active_Injection",0
"Naltrexone","92_93","Female","Nonactive_Noninjection",0
"Naltrexone","92_93","Female","Nonactive_Injection",0
"Naltrexone","94_95","Male","Active_Noninjection",0
"Naltrexone","94_95","Male","Active_Injection",0
"Naltrexone","94_95","Male","Nonactive_Noninjection",0
"Naltrexone","94_95","Male","Nonactive_Injection",0
"Naltrexone","94_95","Female","Active_Noninjection",0
"Naltrexone","94_95","Female","Active_Injection",0
"Naltrexone","94_95","Female","Nonactive_Noninjection",0
"Naltrexone","94_95","Female","Nonactive_Injection",0
"Naltrexone","96_97","Male","Active_Noninjection",0
"Naltrexone","96_97","Male","Active_Injection",0
"Naltrexone","96_97","Male","Nonactive_Noninjection",0
"Naltrexone","96_97","Male","Nonactive_Injection",0
"Naltrexone","96_97","Female","Active_Noninjection",0
"Naltrexone","96_97","Female","Active_Injection",0
"Naltrexone","96_97","Female","Nonactive_Noninjection",0
"Naltrexone","96_97","Female","Nonactive_Injection",0
"Naltrexone","98_99","Male","Active_Noninjection",0
"Naltrexone","98_99","Male","Active_Injection",0
"Naltrexone","98_99","Male","Nonactive_Noninjection",0
"Naltrexone","98_99","Male","Nonactive_Injection",0
"Naltrexone","98_99","Female","Active_Noninjection",0
"Naltrexone","98_99","Female","Active_Injection",0
"Naltrexone","98_99","Female","Nonactive_Noninjection",0
"Naltrexone","98_99","Female","Nonactive_Injection",0
"Methadone","10_11","Male","Active_Noninjection",0.4
"Methadone","10_11","Male","Active_Injection",0
"Methadone","10_11","Male","Nonactive_Noninjection",0
"Methadone","10_11","Male","Nonactive_Injection",0
"Methadone","10_11","Female","Active_Noninjection",0
"Methadone","10_11","Female","Active_Injection",0
"Methadone","10_11","Female","Nonactive_Noninjection",0
"Methadone","10_11","Female","Nonactive_Injection",0
"Methadone","12_13","Male","Active_Noninjection",0.4
"Methadone","12_13","Male","Active_Injection",0
"Methadone","12_13","Male","Nonactive_Noninjection",0
"Methadone","12_13","Male","Nonactive_Injection",0
"Methadone","12_13","Female","Active_Noninjection",0
"Methadone","12_13","Female","Active_Injection",0
"Methadone","12_13","Female","Nonactive_Noninjection",0
"Methadone","12_13","Female","Nonactive_Injection",0
"Methadone","14_15","Male","Active_Noninjection",2.4
"Methadone","14_15","Male","Active_Injection",0.8
"Methadone","14_15","Male","Nonactive_Noninjection",0.2
"Methadone","14_15","Male","Nonactive_Injection",0
"Methadone","14_15","Female","Active_Noninjection",2.8
"Methadone","14_15","Female","Active_Injection",1
"Methadone","14_15","Female","Nonactive_Noninjection",0.2
"Methadone","14_15","Female","Nonactive_Injection",0
"Methadone","16_17","Male","Active_Noninjection",4.4
"Methadone","16_17","Male","Active_Injection",1.6
"Methadone","16_17","Male","Nonactive_Noninjection",0.4
"Methadone","16_17","Male","Nonactive_Injection",0
"Methadone","16_17","Female","Active_Noninjection",5.6
"Methadone","16_17","Female","Active_Injection",2
"Methadone","16_17","Female","Nonactive_Noninjection",0.4
"Methadone","16_17","Female","Nonactive_Injection",0
"Methadone","18_19","Male","Active_Noninjection",4.4
"Methadone","18_19","Male","Active_Injection",1.6
"Methadone","18_19","Male","Nonactive_Noninjection",0.4
"Methadone","18_19","Male","Nonactive_Injection",0
"Methadone","18_19","Female","Active_Noninjection",5.6
"Methadone","18_19","Female","Active_Injection",2
"Methadone","18_19","Female","Nonactive_Noninjection",0.4
"Methadone","18_19","Female","Nonactive_Injection",0
"Methadone","20_21","Male","Active_Noninjection",91.2
"Methadone","20_21","Male","Active_Injection",30.4
"Methadone","20_21","Male","Nonactive_Noninjection",9.2
"Methadone","20_21","Male","Nonactive_Injection",3.2
"Methadone","20_21","Female","Active_Noninjection",140
"Methadone","20_21","Female","Active_Injection",46.8
"Methadone","20_21","Female","Nonactive_Noninjection",14
"Methadone","20_21","Female","Nonactive_Injection",4.8
"Methadone","22_23","Male","Active_Noninjection",91.2
"Methadone","22_23","Male","Active_Injection",30.4
"Methadone","22_23","Male","Nonactive_Noninjection",9.2
"Methadone","22_23","Male","Nonactive_Injection",3.2
"Methadone","22_23","Female","Active_Noninjection",140
"Methadone","22_23","Female","Active_Injection",46.8
"Methadone","22_23","Female","Nonactive_Noninjection",14
"Methadone","22_23","Female","Nonactive_Injection",4.8
"Methadone","24_25","Male","Active_Noninjection",212
"Methadone","24_25","Male","Active_Injection",70.8
"Methadone","24_25","Male","Nonactive_Noninjection",21
"Methadone","24_25","Male","Nonactive_Injection",7.2
"Methadone","24_25","Female","Active_Noninjection",257.8
"Methadone","24_25","Female","Active_Injection",86.4
"Methadone","24_25","Female","Nonactive_Noninjection",25.6
"Methadone","24_25","Female","Nonactive_Injection",8.6
"Methadone","26_27","Male","Active_Noninjection",332.8
"Methadone","26_27","Male","Active_Injection",111.2
"Methadone","26_27","Male","Nonactive_Noninjection",32.8
"Methadone","26_27","Male","Nonactive_Injection",11.2
"Methadone","26_27","Female","Active_Noninjection",375.6
"Methadone","26_27","Female","Active_Injection",126
"Methadone","26_27","Female","Nonactive_Noninjection",37.2
"Methadone","26_27","Female","Nonactive_Injection",12.4
"Methadone","28_29","Male","Active_Noninjection",332.8
"Methadone","28_29","Male","Active_Injection",111.2
"Methadone","28_29","Male","Nonactive_Noninjection",32.8
"Methadone","28_29","Male","Nonactive_Injection",11.2
"Methadone","28_29","Female","Active_Noninjection",375.6
"Methadone","28_29","Female","Active_Injection",126
"Methadone","28_29","Female","Nonactive_Noninjection",37.2
"Methadone","28_29","Female","Nonactive_Injection",12.4
"Methadone","30_31","Male","Active_Noninjection",384
"Methadone","30_31","Male","Active_Injection",128.4
"Methadone","30_31","Male","Nonactive_Noninjection",38
"Methadone","30_31","Male","Nonactive_Injection",12.8
"Methadone","30_31","Female","Active_Noninjection",336
"Methadone","30_31","Female","Active_Injection",112.4
"Methadone","30_31","Female","Nonactive_Noninjection",33.2
"Methadone","30_31","Female","Nonactive_Injection",11.2
"Methadone","32_33","Male","Active_Noninjection",384
"Methadone","32_33","Male","Active_Injection",128.4
"Methadone","32_33","Male","Nonactive_Noninjection",38
"Methadone","32_33","Male","Nonactive_Injection",12.8
"Methadone","32_33","Female","Active_Noninjection",336
"Methadone","32_33","Female","Active_Injection",112.4
"Methadone","32_33","Female","Nonactive_Noninjection",33.2
"Methadone","32_33","Female","Nonactive_Injection",11.2
"Methadone","34_35","Male","Active_Noninjection",334.6
"Methadone","34_35","Male","Active_Injection",112
"Methadone","34_35","Male","Nonactive_Noninjection",33.2
"Methadone","34_35","Male","Nonactive_Injection",11.2
"Methadone","34_35","Female","Active_Noninjection",272.4
"Methadone","34_35","Female","Active_Injection",91.2
"Methadone","34_35","Female","Nonactive_Noninjection",27
"Methadone","34_35","Female","Nonactive_Injection",9
"Methadone","36_37","Male","Active_Noninjection",285.2
"Methadone","36_37","Male","Active_Injection",95.6
"Methadone","36_37","Male","Nonactive_Noninjection",28.4
"Methadone","36_37","Male","Nonactive_Injection",9.6
"Methadone","36_37","Female","Active_Noninjection",208.8
"Methadone","36_37","Female","Active_Injection",70
"Methadone","36_37","Female","Nonactive_Noninjection",20.8
"Methadone","36_37","Female","Nonactive_Injection",6.8
"Methadone","38_39","Male","Active_Noninjection",285.2
"Methadone","38_39","Male","Active_Injection",95.6
"Methadone","38_39","Male","Nonactive_Noninjection",28.4
"Methadone","38_39","Male","Nonactive_Injection",9.6
"Methadone","38_39","Female","Active_Noninjection",208.8
"Methadone","38_39","Female","Active_Injection",70
"Methadone","38_39","Female","Nonactive_Noninjection",20.8
"Methadone","38_39","Female","Nonactive_Injection",6.8
"Methadone","40_41","Male","Active_Noninjection",242.4
"Methadone","40_41","Male","Active_Injection",81.2
"Methadone","40_41","Male","Nonactive_Noninjection",24
"Methadone","40_41","Male","Nonactive_Injection",8
"Methadone","40_41","Female","Active_Noninjection",168.8
"Methadone","40_41","Female","Active_Injection",56.8
"Methadone","40_41","Female","Nonactive_Noninjection",16.8
"Methadone","40_41","Female","Nonactive_Injection",5.6
"Methadone","42_43","Male","Active_Noninjection",242.4
"Methadone","42_43","Male","Active_Injection",81.2
"Methadone","42_43","Male","Nonactive_Noninjection",24
"Methadone","42_43","Male","Nonactive_Injection",8
"Methadone","42_43","Female","Active_Noninjection",168.8
"Methadone","42_43","Female","Active_Injection",56.8
"Methadone","42_43","Female","Nonactive_Noninjection",16.8
"Methadone","42_43","Female","Nonactive_Injection",5.6
"Methadone","44_45","Male","Active_Noninjection",229.8
"Methadone","44_45","Male","Active_Injection",77
"Methadone","44_45","Male","Nonactive_Noninjection",22.8
"Methadone","44_45","Male","Nonactive_Injection",7.6
"Methadone","44_45","Female","Active_Noninjection",160
"Methadone","44_45","Female","Active_Injection",53.6
"Methadone","44_45","Female","Nonactive_Noninjection",15.8
"Methadone","44_45","Female","Nonactive_Injection",5.4
"Methadone","46_47","Male","Active_Noninjection",217.2
"Methadone","46_47","Male","Active_Injection",72.8
"Methadone","46_47","Male","Nonactive_Noninjection",21.6
"Methadone","46_47","Male","Nonactive_Injection",7.2
"Methadone","46_47","Female","Active_Noninjection",151.2
"Methadone","46_47","Female","Active_Injection",50.4
"Methadone","46_47","Female","Nonactive_Noninjection",14.8
"Methadone","46_47","Female","Nonactive_Injection",5.2
"Methadone","48_49","Male","Active_Noninjection",217.2
"Methadone","48_49","Male","Active_Injection",72.8
"Methadone","48_49","Male","Nonactive_Noninjection",21.6
"Methadone","48_49","Male","Nonactive_Injection",7.2
"Methadone","48_49","Female","Active_Noninjection",151.2
"Methadone","48_49","Female","Active_Injection",50.4
"Methadone","48_49","Female","Nonactive_Noninjection",14.8
"Methadone","48_49","Female","Nonactive_Injection",5.2
"Methadone","50_51","Male","Active_Noninjection",187.2
"Methadone","50_51","Male","Active_Injection",62.8
"Methadone","50_51","Male","Nonactive_Noninjection",18.4
"Methadone","50_51","Male","Nonactive_Injection",6
"Methadone","50_51","Female","Active_Noninjection",136.4
"Methadone","50_51","Female","Active_Injection",46
"Methadone","50_51","Female","Nonactive_Noninjection",13.6
"Methadone","50_51","Female","Nonactive_Injection",4.4
"Methadone","52_53","Male","Active_Noninjection",187.2
"Methadone","52_53","Male","Active_Injection",62.8
"Methadone","52_53","Male","Nonactive_Noninjection",18.4
"Methadone","52_53","Male","Nonactive_Injection",6
"Methadone","52_53","Female","Active_Noninjection",136.4
"Methadone","52_53","Female","Active_Injection",46
"Methadone","52_53","Female","Nonactive_Noninjection",13.6
"Methadone","52_53","Female","Nonactive_Injection",4.4
"Methadone","54_55","Male","Active_Noninjection",170
"Methadone","54_55","Male","Active_Injection",57
"Methadone","54_55","Male","Nonactive_Noninjection",16.8
"Methadone","54_55","Male","Nonactive_Injection",5.6
"Methadone","54_55","Female","Active_Noninjection",112.4
"Methadone","54_55","Female","Active_Injection",38
"Methadone","54_55","Female","Nonactive_Noninjection",11.2
"Methadone","54_55","Female","Nonactive_Injection",3.6
"Methadone","56_57","Male","Active_Noninjection",152.8
"Methadone","56_57","Male","Active_Injection",51.2
"Methadone","56_57","Male","Nonactive_Noninjection",15.2
"Methadone","56_57","Male","Nonactive_Injection",5.2
"Methadone","56_57","Female","Active_Noninjection",88.4
"Methadone","56_57","Female","Active_Injection",30
"Methadone","56_57","Female","Nonactive_Noninjection",8.8
"Methadone","56_57","Female","Nonactive_Injection",2.8
"Methadone","58_59","Male","Active_Noninjection",152.8
"Methadone","58_59","Male","Active_Injection",51.2
"Methadone","58_59","Male","Nonactive_Noninjection",15.2
"Methadone","58_59","Male","Nonactive_Injection",5.2
"Methadone","58_59","Female","Active_Noninjection",88.4
"Methadone","58_59","Female","Active_Injection",30
"Methadone","58_59","Female","Nonactive_Noninjection",8.8
"Methadone","58_59","Female","Nonactive_Injection",2.8
"Methadone","60_61","Male","Active_Noninjection",80.4
"Methadone","60_61","Male","Active_Injection",26.8
"Methadone","60_61","Male","Nonactive_Noninjection",8
"Methadone","60_61","Male","Nonactive_Injection",2.8
"Methadone","60_61","Female","Active_Noninjection",34.4
"Methadone","60_61","Female","Active_Injection",11.6
"Methadone","60_61","Female","Nonactive_Noninjection",3.6
"Methadone","60_61","Female","Nonactive_Injection",1.2
"Methadone","62_63","Male","Active_Noninjection",80.4
"Methadone","62_63","Male","Active_Injection",26.8
"Methadone","62_63","Male","Nonactive_Noninjection",8
"Methadone","62_63","Male","Nonactive_Injection",2.8
"Methadone","62_63","Female","Active_Noninjection",34.4
"Methadone","62_63","Female","Active_Injection",11.6
"Methadone","62_63","Female","Nonactive_Noninjection",3.6
"Methadone","62_63","Female","Nonactive_Injection",1.2
"Methadone","64_65","Male","Active_Noninjection",49.2
"Methadone","64_65","Male","Active_Injection",16.4
"Methadone","64_65","Male","Nonactive_Noninjection",4.8
"Methadone","64_65","Male","Nonactive_Injection",1.6
"Methadone","64_65","Female","Active_Noninjection",21.2
"Methadone","64_65","Female","Active_Injection",7
"Methadone","64_65","Female","Nonactive_Noninjection",2.2
"Methadone","64_65","Female","Nonactive_Injection",0.8
"Methadone","66_67","Male","Active_Noninjection",18
"Methadone","66_67","Male","Active_Injection",6
"Methadone","66_67","Male","Nonactive_Noninjection",1.6
"Methadone","66_67","Male","Nonactive_Injection",0.4
"Methadone","66_67","Female","Active_Noninjection",8
"Methadone","66_67","Female","Active_Injection",2.4
"Methadone","66_67","Female","Nonactive_Noninjection",0.8
"Methadone","66_67","Female","Nonactive_Injection",0.4
"Methadone","68_69","Male","Active_Noninjection",18
"Methadone","68_69","Male","Active_Injection",6
"Methadone","68_69","Male","Nonactive_Noninjection",1.6
"Methadone","68_69","Male","Nonactive_Injection",0.4
"Methadone","68_69","Female","Active_Noninjection",8
"Methadone","68_69","Female","Active_Injection",2.4
"Methadone","68_69","Female","Nonactive_Noninjection",0.8
"Methadone","68_69","Female","Nonactive_Injection",0.4
"Methadone","70_71","Male","Active_Noninjection",5.2
"Methadone","70_71","Male","Active_Injection",2
"Methadone","70_71","Male","Nonactive_Noninjection",0.4
"Methadone","70_71","Male","Nonactive_Injection",0
"Methadone","70_71","Female","Active_Noninjection",8
"Methadone","70_71","Female","Active_Injection",2.4
"Methadone","70_71","Female","Nonactive_Noninjection",0.8
"Methadone","70_71","Female","Nonactive_Injection",0.4
"Methadone","72_73","Male","Active_Noninjection",5.2
"Methadone","72_73","Male","Active_Injection",2
"Methadone","72_73","Male","Nonactive_Noninjection",0.4
"Methadone","72_73","Male","Nonactive_Injection",0
"Methadone","72_73","Female","Active_Noninjection",8
"Methadone","72_73","Female","Active_Injection",2.4
"Methadone","72_73","Female","Nonactive_Noninjection",0.8
"Methadone","72_73","Female","Nonactive_Injection",0.4
"Methadone","74_75","Male","Active_Noninjection",3.2
"Methadone","74_75","Male","Active_Injection",1.2
"Methadone","74_75","Male","Nonactive_Noninjection",0.2
"Methadone","74_75","Male","Nonactive_Injection",0
"Methadone","74_75","Female","Active_Noninjection",4.6
"Methadone","74_75","Female","Active_Injection",1.4
"Methadone","74_75","Female","Nonactive_Noninjection",0.4
"Methadone","74_75","Female","Nonactive_Injection",0.2
"Methadone","76_77","Male","Active_Noninjection",1.2
"Methadone","76_77","Male","Active_Injection",0.4
"Methadone","76_77","Male","Nonactive_Noninjection",0
"Methadone","76_77","Male","Nonactive_Injection",0
"Methadone","76_77","Female","Active_Noninjection",1.2
"Methadone","76_77","Female","Active_Injection",0.4
"Methadone","76_77","Female","Nonactive_Noninjection",0
"Methadone","76_77","Female","Nonactive_Injection",0
"Methadone","78_79","Male","Active_Noninjection",1.2
"Methadone","78_79","Male","Active_Injection",0.4
"Methadone","78_79","Male","Nonactive_Noninjection",0
"Methadone","78_79","Male","Nonactive_Injection",0
"Methadone","78_79","Female","Active_Noninjection",1.2
"Methadone","78_79","Female","Active_Injection",0.4
"Methadone","78_79","Female","Nonactive_Noninjection",0
"Methadone","78_79","Female","Nonactive_Injection",0
"Methadone","80_81","Male","Active_Noninjection",0.4
"Methadone","80_81","Male","Active_Injection",0
"Methadone","80_81","Male","Nonactive_Noninjection",0
"Methadone","80_81","Male","Nonactive_Injection",0
"Methadone","80_81","Female","Active_Noninjection",0.4
"Methadone","80_81","Female","Active_Injection",0.4
"Methadone","80_81","Female","Nonactive_Noninjection",0
"Methadone","80_81","Female","Nonactive_Injection",0
"Methadone","82_83","Male","Active_Noninjection",0.4
"Methadone","82_83","Male","Active_Injection",0
"Methadone","82_83","Male","Nonactive_Noninjection",0
"Methadone","82_83","Male","Nonactive_Injection",0
"Methadone","82_83","Female","Active_Noninjection",0.4
"Methadone","82_83","Female","Active_Injection",0.4
"Methadone","82_83","Female","Nonactive_Noninjection",0
"Methadone","82_83","Female","Nonactive_Injection",0
"Methadone","84_85","Male","Active_Noninjection",0.6
"Methadone","84_85","Male","Active_Injection",0.2
"Methadone","84_85","Male","Nonactive_Noninjection",0
"Methadone","84_85","Male","Nonactive_Injection",0
"Methadone","84_85","Female","Active_Noninjection",0.4
"Methadone","84_85","Female","Active_Injection",0.2
"Methadone","84_85","Female","Nonactive_Noninjection",0
"Methadone","84_85","Female","Nonactive_Injection",0
"Methadone","86_87","Male","Active_Noninjection",0.8
"Methadone","86_87","Male","Active_Injection",0.4
"Methadone","86_87","Male","Nonactive_Noninjection",0
"Methadone","86_87","Male","Nonactive_Injection",0
"Methadone","86_87","Female","Active_Noninjection",0.4
"Methadone","86_87","Female","Active_Injection",0
"Methadone","86_87","Female","Nonactive_Noninjection",0
"Methadone","86_87","Female","Nonactive_Injection",0
"Methadone","88_89","Male","Active_Noninjection",0.8
"Methadone","88_89","Male","Active_Injection",0.4
"Methadone","88_89","Male","Nonactive_Noninjection",0
"Methadone","88_89","Male","Nonactive_Injection",0
"Methadone","88_89","Female","Active_Noninjection",0.4
"Methadone","88_89","Female","Active_Injection",0
"Methadone","88_89","Female","Nonactive_Noninjection",0
"Methadone","88_89","Female","Nonactive_Injection",0
"Methadone","90_91","Male","Active_Noninjection",0.4
"Methadone","90_91","Male","Active_Injection",0
"Methadone","90_91","Male","Nonactive_Noninjection",0
"Methadone","90_91","Male","Nonactive_Injection",0
"Methadone","90_91","Female","Active_Noninjection",0
"Methadone","90_91","Female","Active_Injection",0
"Methadone","90_91","Female","Nonactive_Noninjection",0
"Methadone","90_91","Female","Nonactive_Injection",0
"Methadone","92_93","Male","Active_Noninjection",0.4
"Methadone","92_93","Male","Active_Injection",0
"Methadone","92_93","Male","Nonactive_Noninjection",0
"Methadone","92_93","Male","Nonactive_Injection",0
"Methadone","92_93","Female","Active_Noninjection",0
"Methadone","92_93","Female","Active_Injection",0
"Methadone","92_93","Female","Nonactive_Noninjection",0
"Methadone","92_93","Female","Nonactive_Injection",0
"Methadone","94_95","Male","Active_Noninjection",0.2
"Methadone","94_95","Male","Active_Injection",0
"Methadone","94_95","Male","Nonactive_Noninjection",0
"Methadone","94_95","Male","Nonactive_Injection",0
"Methadone","94_95","Female","Active_Noninjection",0
"Methadone","94_95","Female","Active_Injection",0
"Methadone","94_95","Female","Nonactive_Noninjection",0
"Methadone","94_95","Female","Nonactive_Injection",0
"Methadone","96_97","Male","Active_Noninjection",0
"Methadone","96_97","Male","Active_Injection",0
"Methadone","96_97","Male","Nonactive_Noninjection",0
"Methadone","96_97","Male","Nonactive_Injection",0
"Methadone","96_97","Female","Active_Noninjection",0
"Methadone","96_97","Female","Active_Injection",0
"Methadone","96_97","Female","Nonactive_Noninjection",0
"Methadone","96_97","Female","Nonactive_Injection",0
"Methadone","98_99","Male","Active_Noninjection",0
"Methadone","98_99","Male","Active_Injection",0
"Methadone","98_99","Male","Nonactive_Noninjection",0
"Methadone","98_99","Male","Nonactive_Injection",0
"Methadone","98_99","Female","Active_Noninjection",0
"Methadone","98_99","Female","Active_Injection",0
"Methadone","98_99","Female","Nonactive_Noninjection",0
"Methadone","98_99","Female","Nonactive_Injection",0
"Detox","10_11","Male","Active_Noninjection",0
"Detox","10_11","Male","Active_Injection",0
"Detox","10_11","Male","Nonactive_Noninjection",0
"Detox","10_11","Male","Nonactive_Injection",0
"Detox","10_11","Female","Active_Noninjection",0
"Detox","10_11","Female","Active_Injection",0
"Detox","10_11","Female","Nonactive_Noninjection",0
"Detox","10_11","Female","Nonactive_Injection",0
"Detox","12_13","Male","Active_Noninjection",0
"Detox","12_13","Male","Active_Injection",0
"Detox","12_13","Male","Nonactive_Noninjection",0
"Detox","12_13","Male","Nonactive_Injection",0
"Detox","12_13","Female","Active_Noninjection",0
"Detox","12_13","Female","Active_Injection",0
"Detox","12_13","Female","Nonactive_Noninjection",0
"Detox","12_13","Female","Nonactive_Injection",0
"Detox","14_15","Male","Active_Noninjection",0
"Detox","14_15","Male","Active_Injection",0
"Detox","14_15","Male","Nonactive_Noninjection",3.8
"Detox","14_15","Male","Nonactive_Injection",1.2
"Detox","14_15","Female","Active_Noninjection",0
"Detox","14_15","Female","Active_Injection",0
"Detox","14_15","Female","Nonactive_Noninjection",3.4
"Detox","14_15","Female","Nonactive_Injection",1.2
"Detox","16_17","Male","Active_Noninjection",0
"Detox","16_17","Male","Active_Injection",0
"Detox","16_17","Male","Nonactive_Noninjection",7.6
"Detox","16_17","Male","Nonactive_Injection",2.4
"Detox","16_17","Female","Active_Noninjection",0
"Detox","16_17","Female","Active_Injection",0
"Detox","16_17","Female","Nonactive_Noninjection",6.8
"Detox","16_17","Female","Nonactive_Injection",2.4
"Detox","18_19","Male","Active_Noninjection",0
"Detox","18_19","Male","Active_Injection",0
"Detox","18_19","Male","Nonactive_Noninjection",7.6
"Detox","18_19","Male","Nonactive_Injection",2.4
"Detox","18_19","Female","Active_Noninjection",0
"Detox","18_19","Female","Active_Injection",0
"Detox","18_19","Female","Nonactive_Noninjection",6.8
"Detox","18_19","Female","Nonactive_Injection",2.4
"Detox","20_21","Male","Active_Noninjection",0
"Detox","20_21","Male","Active_Injection",0
"Detox","20_21","Male","Nonactive_Noninjection",94.8
"Detox","20_21","Male","Nonactive_Injection",32
"Detox","20_21","Female","Active_Noninjection",0
"Detox","20_21","Female","Active_Injection",0
"Detox","20_21","Female","Nonactive_Noninjection",61.6
"Detox","20_21","Female","Nonactive_Injection",20.8
"Detox","22_23","Male","Active_Noninjection",0
"Detox","22_23","Male","Active_Injection",0
"Detox","22_23","Male","Nonactive_Noninjection",94.8
"Detox","22_23","Male","Nonactive_Injection",32
"Detox","22_23","Female","Active_Noninjection",0
"Detox","22_23","Female","Active_Injection",0
"Detox","22_23","Female","Nonactive_Noninjection",61.6
"Detox","22_23","Female","Nonactive_Injection",20.8
"Detox","24_25","Male","Active_Noninjection",0
"Detox","24_25","Male","Active_Injection",0
"Detox","24_25","Male","Nonactive_Noninjection",113.4
"Detox","24_25","Male","Nonactive_Injection",38
"Detox","24_25","Female","Active_Noninjection",0
"Detox","24_25","Female","Active_Injection",0
"Detox","24_25","Female","Nonactive_Noninjection",66
"Detox","24_25","Female","Nonactive_Injection",22.2
"Detox","26_27","Male","Active_Noninjection",0
"Detox","26_27","Male","Active_Injection",0
"Detox","26_27","Male","Nonactive_Noninjection",132
"Detox","26_27","Male","Nonactive_Injection",44
"Detox","26_27","Female","Active_Noninjection",0
"Detox","26_27","Female","Active_Injection",0
"Detox","26_27","Female","Nonactive_Noninjection",70.4
"Detox","26_27","Female","Nonactive_Injection",23.6
"Detox","28_29","Male","Active_Noninjection",0
"Detox","28_29","Male","Active_Injection",0
"Detox","28_29","Male","Nonactive_Noninjection",132
"Detox","28_29","Male","Nonactive_Injection",44
"Detox","28_29","Female","Active_Noninjection",0
"Detox","28_29","Female","Active_Injection",0
"Detox","28_29","Female","Nonactive_Noninjection",70.4
"Detox","28_29","Female","Nonactive_Injection",23.6
"Detox","30_31","Male","Active_Noninjection",0
"Detox","30_31","Male","Active_Injection",0
"Detox","30_31","Male","Nonactive_Noninjection",104.8
"Detox","30_31","Male","Nonactive_Injection",35.2
"Detox","30_31","Female","Active_Noninjection",0
"Detox","30_31","Female","Active_Injection",0
"Detox","30_31","Female","Nonactive_Noninjection",40.8
"Detox","30_31","Female","Nonactive_Injection",13.6
"Detox","32_33","Male","Active_Noninjection",0
"Detox","32_33","Male","Active_Injection",0
"Detox","32_33","Male","Nonactive_Noninjection",104.8
"Detox","32_33","Male","Nonactive_Injection",35.2
"Detox","32_33","Female","Active_Noninjection",0
"Detox","32_33","Female","Active_Injection",0
"Detox","32_33","Female","Nonactive_Noninjection",40.8
"Detox","32_33","Female","Nonactive_Injection",13.6
"Detox","34_35","Male","Active_Noninjection",0
"Detox","34_35","Male","Active_Injection",0
"Detox","34_35","Male","Nonactive_Noninjection",89.8
"Detox","34_35","Male","Nonactive_Injection",30
"Detox","34_35","Female","Active_Noninjection",0
"Detox","34_35","Female","Active_Injection",0
"Detox","34_35","Female","Nonactive_Noninjection",30.4
"Detox","34_35","Female","Nonactive_Injection",10.2
"Detox","36_37","Male","Active_Noninjection",0
"Detox","36_37","Male","Active_Injection",0
"Detox","36_37","Male","Nonactive_Noninjection",74.8
"Detox","36_37","Male","Nonactive_Injection",24.8
"Detox","36_37","Female","Active_Noninjection",0
"Detox","36_37","Female","Active_Injection",0
"Detox","36_37","Female","Nonactive_Noninjection",20
"Detox","36_37","Female","Nonactive_Injection",6.8
"Detox","38_39","Male","Active_Noninjection",0
"Detox","38_39","Male","Active_Injection",0
"Detox","38_39","Male","Nonactive_Noninjection",74.8
"Detox","38_39","Male","Nonactive_Injection",24.8
"Detox","38_39","Female","Active_Noninjection",0
"Detox","38_39","Female","Active_Injection",0
"Detox","38_39","Female","Nonactive_Noninjection",20
"Detox","38_39","Female","Nonactive_Injection",6.8
"Detox","40_41","Male","Active_Noninjection",0
"Detox","40_41","Male","Active_Injection",0
"Detox","40_41","Male","Nonactive_Noninjection",56.8
"Detox","40_41","Male","Nonactive_Injection",18.8
"Detox","40_41","Female","Active_Noninjection",0
"Detox","40_41","Female","Active_Injection",0
"Detox","40_41","Female","Nonactive_Noninjection",18.4
"Detox","40_41","Female","Nonactive_Injection",6
"Detox","42_43","Male","Active_Noninjection",0
"Detox","42_43","Male","Active_Injection",0
"Detox","42_43","Male","Nonactive_Noninjection",56.8
"Detox","42_43","Male","Nonactive_Injection",18.8
"Detox","42_43","Female","Active_Noninjection",0
"Detox","42_43","Female","Active_Injection",0
"Detox","42_43","Female","Nonactive_Noninjection",18.4
"Detox","42_43","Female","Nonactive_Injection",6
"Detox","44_45","Male","Active_Noninjection",0
"Detox","44_45","Male","Active_Injection",0
"Detox","44_45","Male","Nonactive_Noninjection",51.2
"Detox","44_45","Male","Nonactive_Injection",17
"Detox","44_45","Female","Active_Noninjection",0
"Detox","44_45","Female","Active_Injection",0
"Detox","44_45","Female","Nonactive_Noninjection",15.4
"Detox","44_45","Female","Nonactive_Injection",5
"Detox","46_47","Male","Active_Noninjection",0
"Detox","46_47","Male","Active_Injection",0
"Detox","46_47","Male","Nonactive_Noninjection",45.6
"Detox","46_47","Male","Nonactive_Injection",15.2
"Detox","46_47","Female","Active_Noninjection",0
"Detox","46_47","Female","Active_Injection",0
"Detox","46_47","Female","Nonactive_Noninjection",12.4
"Detox","46_47","Female","Nonactive_Injection",4
"Detox","48_49","Male","Active_Noninjection",0
"Detox","48_49","Male","Active_Injection",0
"Detox","48_49","Male","Nonactive_Noninjection",45.6
"Detox","48_49","Male","Nonactive_Injection",15.2
"Detox","48_49","Female","Active_Noninjection",0
"Detox","48_49","Female","Active_Injection",0
"Detox","48_49","Female","Nonactive_Noninjection",12.4
"Detox","48_49","Female","Nonactive_Injection",4
"Detox","50_51","Male","Active_Noninjection",0
"Detox","50_51","Male","Active_Injection",0
"Detox","50_51","Male","Nonactive_Noninjection",29.2
"Detox","50_51","Male","Nonactive_Injection",9.6
"Detox","50_51","Female","Active_Noninjection",0
"Detox","50_51","Female","Active_Injection",0
"Detox","50_51","Female","Nonactive_Noninjection",8.8
"Detox","50_51","Female","Nonactive_Injection",2.8
"Detox","52_53","Male","Active_Noninjection",0
"Detox","52_53","Male","Active_Injection",0
"Detox","52_53","Male","Nonactive_Noninjection",29.2
"Detox","52_53","Male","Nonactive_Injection",9.6
"Detox","52_53","Female","Active_Noninjection",0
"Detox","52_53","Female","Active_Injection",0
"Detox","52_53","Female","Nonactive_Noninjection",8.8
"Detox","52_53","Female","Nonactive_Injection",2.8
"Detox","54_55","Male","Active_Noninjection",0
"Detox","54_55","Male","Active_Injection",0
"Detox","54_55","Male","Nonactive_Noninjection",22.2
"Detox","54_55","Male","Nonactive_Injection",7.4
"Detox","54_55","Female","Active_Noninjection",0
"Detox","54_55","Female","Active_Injection",0
"Detox","54_55","Female","Nonactive_Noninjection",7.4
"Detox","54_55","Female","Nonactive_Injection",2.4
"Detox","56_57","Male","Active_Noninjection",0
"Detox","56_57","Male","Active_Injection",0
"Detox","56_57","Male","Nonactive_Noninjection",15.2
"Detox","56_57","Male","Nonactive_Injection",5.2
"Detox","56_57","Female","Active_Noninjection",0
"Detox","56_57","Female","Active_Injection",0
"Detox","56_57","Female","Nonactive_Noninjection",6
"Detox","56_57","Female","Nonactive_Injection",2
"Detox","58_59","Male","Active_Noninjection",0
"Detox","58_59","Male","Active_Injection",0
"Detox","58_59","Male","Nonactive_Noninjection",15.2
"Detox","58_59","Male","Nonactive_Injection",5.2
"Detox","58_59","Female","Active_Noninjection",0
"Detox","58_59","Female","Active_Injection",0
"Detox","58_59","Female","Nonactive_Noninjection",6
"Detox","58_59","Female","Nonactive_Injection",2
"Detox","60_61","Male","Active_Noninjection",0
"Detox","60_61","Male","Active_Injection",0
"Detox","60_61","Male","Nonactive_Noninjection",4.8
"Detox","60_61","Male","Nonactive_Injection",1.6
"Detox","60_61","Female","Active_Noninjection",0
"Detox","60_61","Female","Active_Injection",0
"Detox","60_61","Female","Nonactive_Noninjection",0.4
"Detox","60_61","Female","Nonactive_Injection",0.4
"Detox","62_63","Male","Active_Noninjection",0
"Detox","62_63","Male","Active_Injection",0
"Detox","62_63","Male","Nonactive_Noninjection",4.8
"Detox","62_63","Male","Nonactive_Injection",1.6
"Detox","62_63","Female","Active_Noninjection",0
"Detox","62_63","Female","Active_Injection",0
"Detox","62_63","Female","Nonactive_Noninjection",0.4
"Detox","62_63","Female","Nonactive_Injection",0.4
"Detox","64_65","Male","Active_Noninjection",0
"Detox","64_65","Male","Active_Injection",0
"Detox","64_65","Male","Nonactive_Noninjection",2.6
"Detox","64_65","Male","Nonactive_Injection",0.8
"Detox","64_65","Female","Active_Noninjection",0
"Detox","64_65","Female","Active_Injection",0
"Detox","64_65","Female","Nonactive_Noninjection",0.4
"Detox","64_65","Female","Nonactive_Injection",0.2
"Detox","66_67","Male","Active_Noninjection",0
"Detox","66_67","Male","Active_Injection",0
"Detox","66_67","Male","Nonactive_Noninjection",0.4
"Detox","66_67","Male","Nonactive_Injection",0
"Detox","66_67","Female","Active_Noninjection",0
"Detox","66_67","Female","Active_Injection",0
"Detox","66_67","Female","Nonactive_Noninjection",0.4
"Detox","66_67","Female","Nonactive_Injection",0
"Detox","68_69","Male","Active_Noninjection",0
"Detox","68_69","Male","Active_Injection",0
"Detox","68_69","Male","Nonactive_Noninjection",0.4
"Detox","68_69","Male","Nonactive_Injection",0
"Detox","68_69","Female","Active_Noninjection",0
"Detox","68_69","Female","Active_Injection",0
"Detox","68_69","Female","Nonactive_Noninjection",0.4
"Detox","68_69","Female","Nonactive_Injection",0
"Detox","70_71","Male","Active_Noninjection",0
"Detox","70_71","Male","Active_Injection",0
"Detox","70_71","Male","Nonactive_Noninjection",0.4
"Detox","70_71","Male","Nonactive_Injection",0
"Detox","70_71","Female","Active_Noninjection",0
"Detox","70_71","Female","Active_Injection",0
"Detox","70_71","Female","Nonactive_Noninjection",0.4
"Detox","70_71","Female","Nonactive_Injection",0.4
"Detox","72_73","Male","Active_Noninjection",0
"Detox","72_73","Male","Active_Injection",0
"Detox","72_73","Male","Nonactive_Noninjection",0.4
"Detox","72_73","Male","Nonactive_Injection",0
"Detox","72_73","Female","Active_Noninjection",0
"Detox","72_73","Female","Active_Injection",0
"Detox","72_73","Female","Nonactive_Noninjection",0.4
"Detox","72_73","Female","Nonactive_Injection",0.4
"Detox","74_75","Male","Active_Noninjection",0
"Detox","74_75","Male","Active_Injection",0
"Detox","74_75","Male","Nonactive_Noninjection",0.2
"Detox","74_75","Male","Nonactive_Injection",0
"Detox","74_75","Female","Active_Noninjection",0
"Detox","74_75","Female","Active_Injection",0
"Detox","74_75","Female","Nonactive_Noninjection",0.2
"Detox","74_75","Female","Nonactive_Injection",0.2
"Detox","76_77","Male","Active_Noninjection",0
"Detox","76_77","Male","Active_Injection",0
"Detox","76_77","Male","Nonactive_Noninjection",0
"Detox","76_77","Male","Nonactive_Injection",0
"Detox","76_77","Female","Active_Noninjection",0
"Detox","76_77","Female","Active_Injection",0
"Detox","76_77","Female","Nonactive_Noninjection",0
"Detox","76_77","Female","Nonactive_Injection",0
"Detox","78_79","Male","Active_Noninjection",0
"Detox","78_79","Male","Active_Injection",0
"Detox","78_79","Male","Nonactive_Noninjection",0
"Detox","78_79","Male","Nonactive_Injection",0
"Detox","78_79","Female","Active_Noninjection",0
"Detox","78_79","Female","Active_Injection",0
"Detox","78_79","Female","Nonactive_Noninjection",0
"Detox","78_79","Female","Nonactive_Injection",0
"Detox","80_81","Male","Active_Noninjection",0
"Detox","80_81","Male","Active_Injection",0
"Detox","80_81","Male","Nonactive_Noninjection",0.4
"Detox","80_81","Male","Nonactive_Injection",0
"Detox","80_81","Female","Active_Noninjection",0
"Detox","80_81","Female","Active_Injection",0
"Detox","80_81","Female","Nonactive_Noninjection",0.4
"Detox","80_81","Female","Nonactive_Injection",0
"Detox","82_83","Male","Active_Noninjection",0
"Detox","82_83","Male","Active_Injection",0
"Detox","82_83","Male","Nonactive_Noninjection",0.4
"Detox","82_83","Male","Nonactive_Injection",0
"Detox","82_83","Female","Active_Noninjection",0
"Detox","82_83","Female","Active_Injection",0
"Detox","82_83","Female","Nonactive_Noninjection",0.4
"Detox","82_83","Female","Nonactive_Injection",0
"Detox","84_85","Male","Active_Noninjection",0
"Detox","84_85","Male","Active_Injection",0
"Detox","84_85","Male","Nonactive_Noninjection",0.2
"Detox","84_85","Male","Nonactive_Injection",0
"Detox","84_85","Female","Active_Noninjection",0
"Detox","84_85","Female","Active_Injection",0
"Detox","84_85","Female","Nonactive_Noninjection",0.2
"Detox","84_85","Female","Nonactive_Injection",0
"Detox","86_87","Male","Active_Noninjection",0
"Detox","86_87","Male","Active_Injection",0
"Detox","86_87","Male","Nonactive_Noninjection",0
"Detox","86_87","Male","Nonactive_Injection",0
"Detox","86_87","Female","Active_Noninjection",0
"Detox","86_87","Female","Active_Injection",0
"Detox","86_87","Female","Nonactive_Noninjection",0
"Detox","86_87","Female","Nonactive_Injection",0
"Detox","88_89","Male","Active_Noninjection",0
"Detox","88_89","Male","Active_Injection",0
"Detox","88_89","Male","Nonactive_Noninjection",0
"Detox","88_89","Male","Nonactive_Injection",0
"Detox","88_89","Female","Active_Noninjection",0
"Detox","88_89","Female","Active_Injection",0
"Detox","88_89","Female","Nonactive_Noninjection",0
"Detox","88_89","Female","Nonactive_Injection",0
"Detox","90_91","Male","Active_Noninjection",0
"Detox","90_91","Male","Active_Injection",0
"Detox","90_91","Male","Nonactive_Noninjection",0
"Detox","90_91","Male","Nonactive_Injection",0
"Detox","90_91","Female","Active_Noninjection",0
"Detox","90_91","Female","Active_Injection",0
"Detox","90_91","Female","Nonactive_Noninjection",0
"Detox","90_91","Female","Nonactive_Injection",0
"Detox","92_93","Male","Active_Noninjection",0
"Detox","92_93","Male","Active_Injection",0
"Detox","92_93","Male","Nonactive_Noninjection",0
"Detox","92_93","Male","Nonactive_Injection",0
"Detox","92_93","Female","Active_Noninjection",0
"Detox","92_93","Female","Active_Injection",0
"Detox","92_93","Female","Nonactive_Noninjection",0
"Detox","92_93","Female","Nonactive_Injection",0
"Detox","94_95","Male","Active_Noninjection",0
"Detox","94_95","Male","Active_Injection",0
"Detox","94_95","Male","Nonactive_Noninjection",0
"Detox","94_95","Male","Nonactive_Injection",0
"Detox","94_95","Female","Active_Noninjection",0
"Detox","94_95","Female","Active_Injection",0
"Detox","94_95","Female","Nonactive_Noninjection",0
"Detox","94_95","Female","Nonactive_Injection",0
"Detox","96_97","Male","Active_Noninjection",0
"Detox","96_97","Male","Active_Injection",0
"Detox","96_97","Male","Nonactive_Noninjection",0
"Detox","96_97","Male","Nonactive_Injection",0
"Detox","96_97","Female","Active_Noninjection",0
"Detox","96_97","Female","Active_Injection",0
"Detox","96_97","Female","Nonactive_Noninjection",0
"Detox","96_97","Female","Nonactive_Injection",0
"Detox","98_99","Male","Active_Noninjection",0
"Detox","98_99","Male","Active_Injection",0
"Detox","98_99","Male","Nonactive_Noninjection",0
"Detox","98_99","Male","Nonactive_Injection",0
"Detox","98_99","Female","Active_Noninjection",0
"Detox","98_99","Female","Active_Injection",0
"Detox","98_99","Female","Nonactive_Noninjection",0
"Detox","98_99","Female","Nonactive_Injection",0
